Ticker,Details,Date,Open,High,Low,Close,Volume
VIAB,Viacom Inc. @ NASDAQ,12/01/2011,41.96,42.54,39.48,40.2,5594203
VIAB,Viacom Inc. @ NASDAQ,12/02/2011,40.29,40.77,39.69,39.74,5090253
VIAB,Viacom Inc. @ NASDAQ,12/05/2011,40.42,40.68,38.89,39.28,6007245
VIAB,Viacom Inc. @ NASDAQ,12/06/2011,39.24,40.42,38.97,39.91,6318211
VIAB,Viacom Inc. @ NASDAQ,12/07/2011,39.63,41.49,39.2,41.06,5210379
VIAB,Viacom Inc. @ NASDAQ,12/08/2011,40.72,40.85,40.05,40.13,3341000
VIAB,Viacom Inc. @ NASDAQ,12/09/2011,40.44,41.51,40.31,41.13,3534384
VIAB,Viacom Inc. @ NASDAQ,12/12/2011,40.64,40.74,39.78,40.28,4954944
VIAB,Viacom Inc. @ NASDAQ,12/13/2011,40.64,40.94,40.18,40.32,3898664
VIAB,Viacom Inc. @ NASDAQ,12/14/2011,40.02,40.11,39.59,39.74,2625756
VIAB,Viacom Inc. @ NASDAQ,12/15/2011,40.06,40.65,39.72,40.3,3451086
VIAB,Viacom Inc. @ NASDAQ,12/16/2011,40.65,40.94,39.73,40.09,7982812
VIAB,Viacom Inc. @ NASDAQ,12/19/2011,40.45,40.6,39.36,39.46,2974544
VIAB,Viacom Inc. @ NASDAQ,12/20/2011,40.28,41.2,39.95,40.98,2672445
VIAB,Viacom Inc. @ NASDAQ,12/21/2011,40.82,41.13,40.68,41,2295089
VIAB,Viacom Inc. @ NASDAQ,12/22/2011,41.14,42.19,40.92,42.02,3054000
VIAB,Viacom Inc. @ NASDAQ,12/23/2011,42.2,42.71,42.07,42.46,2226566
VIAB,Viacom Inc. @ NASDAQ,12/27/2011,42.27,42.95,42.27,42.43,1967506
VIAB,Viacom Inc. @ NASDAQ,12/28/2011,42.43,42.61,42.05,42.25,1380800
VIAB,Viacom Inc. @ NASDAQ,12/29/2011,42.47,43.15,42.46,43.1,1632599
VIAB,Viacom Inc. @ NASDAQ,12/30/2011,43.01,43.39,42.58,42.58,1928881
VIAB,Viacom Inc. @ NASDAQ,01/03/2012,43.46,43.78,42.8,43.05,3495940
VIAB,Viacom Inc. @ NASDAQ,01/04/2012,43.06,43.25,42.38,43.04,3714504
VIAB,Viacom Inc. @ NASDAQ,01/05/2012,42.9,44.12,42.8,44.04,3879287
VIAB,Viacom Inc. @ NASDAQ,01/06/2012,44.07,44.59,43.88,44.49,4181600
VIAB,Viacom Inc. @ NASDAQ,01/09/2012,44.3,44.5,43.42,43.7,5621084
VIAB,Viacom Inc. @ NASDAQ,01/10/2012,43.7,44.45,43.37,44,3647794
VIAB,Viacom Inc. @ NASDAQ,01/11/2012,43.79,44.46,43.46,44.33,2366602
VIAB,Viacom Inc. @ NASDAQ,01/12/2012,44.4,45,44.3,44.9,3218730
VIAB,Viacom Inc. @ NASDAQ,01/13/2012,44.46,44.73,43.27,43.97,4174151
VIAB,Viacom Inc. @ NASDAQ,01/17/2012,44.51,45.16,44.36,44.6,4101598
VIAB,Viacom Inc. @ NASDAQ,01/18/2012,44.44,45.18,44.3,45.06,2843800
VIAB,Viacom Inc. @ NASDAQ,01/19/2012,45.35,45.8,44.78,45.55,4335714
VIAB,Viacom Inc. @ NASDAQ,01/20/2012,45.69,45.71,44.35,44.66,5014800
VIAB,Viacom Inc. @ NASDAQ,01/23/2012,44.51,45.08,44.36,44.77,3602906
VIAB,Viacom Inc. @ NASDAQ,01/24/2012,44.47,45.12,44.28,45.01,4629781
VIAB,Viacom Inc. @ NASDAQ,01/25/2012,44.89,45.79,44.55,45.34,5003844
VIAB,Viacom Inc. @ NASDAQ,01/26/2012,45.34,45.59,44.88,45.02,2975750
VIAB,Viacom Inc. @ NASDAQ,01/27/2012,44.89,45.15,44.7,44.84,2577058
VIAB,Viacom Inc. @ NASDAQ,01/30/2012,44.61,45.3,44.12,44.91,3016745
VIAB,Viacom Inc. @ NASDAQ,01/31/2012,45.05,45.45,43.98,44.11,5597600
VIAB,Viacom Inc. @ NASDAQ,02/01/2012,44.13,45.01,44.04,44.04,5856807
VIAB,Viacom Inc. @ NASDAQ,02/02/2012,42.51,45.07,42.09,43.78,12548000
VIAB,Viacom Inc. @ NASDAQ,02/03/2012,44.75,45.36,44.11,45.35,4977799
VIAB,Viacom Inc. @ NASDAQ,02/06/2012,45.1,45.78,45.1,45.68,4581063
VIAB,Viacom Inc. @ NASDAQ,02/07/2012,45.36,45.9,45.16,45.76,3224684
VIAB,Viacom Inc. @ NASDAQ,02/08/2012,45.71,46.41,45.71,46.29,5556159
VIAB,Viacom Inc. @ NASDAQ,02/09/2012,46.31,46.67,45.84,46.3,3505763
VIAB,Viacom Inc. @ NASDAQ,02/10/2012,46.05,46.23,45.54,46.15,2529815
VIAB,Viacom Inc. @ NASDAQ,02/13/2012,46.41,46.64,45.96,46.31,3301002
VIAB,Viacom Inc. @ NASDAQ,02/14/2012,46.13,46.22,45.68,45.98,3013806
VIAB,Viacom Inc. @ NASDAQ,02/15/2012,46.1,46.26,45.36,45.45,3587408
VIAB,Viacom Inc. @ NASDAQ,02/16/2012,45.37,45.95,45.12,45.85,4199658
VIAB,Viacom Inc. @ NASDAQ,02/17/2012,45.97,46.16,45.55,45.66,3532921
VIAB,Viacom Inc. @ NASDAQ,02/21/2012,45.56,45.92,45.13,45.36,2876073
VIAB,Viacom Inc. @ NASDAQ,02/22/2012,45.38,45.57,44.64,44.79,2604191
VIAB,Viacom Inc. @ NASDAQ,02/23/2012,44.62,44.83,44.28,44.53,3612170
VIAB,Viacom Inc. @ NASDAQ,02/24/2012,44.53,44.94,44.42,44.49,2133941
VIAB,Viacom Inc. @ NASDAQ,02/27/2012,44,44.4,43.5,43.98,4236759
VIAB,Viacom Inc. @ NASDAQ,02/28/2012,43.82,44.45,43.59,44.22,5844053
VIAB,Viacom Inc. @ NASDAQ,02/29/2012,44.21,45.33,44.1,44.69,5191900
VIAB,Viacom Inc. @ NASDAQ,03/01/2012,45.13,45.95,44.28,45.79,6869056
VIAB,Viacom Inc. @ NASDAQ,03/02/2012,45.67,45.72,45.05,45.46,4937697
VIAB,Viacom Inc. @ NASDAQ,03/05/2012,45.48,45.54,44.94,45.45,3355600
VIAB,Viacom Inc. @ NASDAQ,03/06/2012,45.16,45.17,44.24,44.3,3562648
VIAB,Viacom Inc. @ NASDAQ,03/07/2012,44.26,45.14,44.15,44.47,2432741
VIAB,Viacom Inc. @ NASDAQ,03/08/2012,44.79,45.59,44.6,45.29,3417141
VIAB,Viacom Inc. @ NASDAQ,03/09/2012,45.54,46.04,44.76,44.81,2978985
VIAB,Viacom Inc. @ NASDAQ,03/12/2012,44.99,44.99,44.48,44.58,1965600
VIAB,Viacom Inc. @ NASDAQ,03/13/2012,44.93,45.38,44.54,45.27,5477711
VIAB,Viacom Inc. @ NASDAQ,03/14/2012,45.28,45.38,44.51,44.76,3673833
VIAB,Viacom Inc. @ NASDAQ,03/15/2012,44.75,44.87,44.24,44.4,4176872
VIAB,Viacom Inc. @ NASDAQ,03/16/2012,44.37,44.95,44.36,44.89,7707259
VIAB,Viacom Inc. @ NASDAQ,03/19/2012,44.67,45.72,44.39,45.68,3180400
VIAB,Viacom Inc. @ NASDAQ,03/20/2012,45.36,45.4,44.88,44.93,2920674
VIAB,Viacom Inc. @ NASDAQ,03/21/2012,44.96,44.96,44.43,44.43,3816085
VIAB,Viacom Inc. @ NASDAQ,03/22/2012,44.11,44.44,43.86,44,3114155
VIAB,Viacom Inc. @ NASDAQ,03/23/2012,44.15,44.35,43.95,43.96,4227270
VIAB,Viacom Inc. @ NASDAQ,03/26/2012,44.27,44.55,43.87,44.37,4321546
VIAB,Viacom Inc. @ NASDAQ,03/27/2012,44.38,45.1,44.35,44.92,2773955
VIAB,Viacom Inc. @ NASDAQ,03/28/2012,44.79,45.25,44.37,44.46,3078000
VIAB,Viacom Inc. @ NASDAQ,03/29/2012,44.59,44.65,43.98,44.62,3813070
VIAB,Viacom Inc. @ NASDAQ,03/30/2012,44.7,45.03,44.41,44.74,3345420
VIAB,Viacom Inc. @ NASDAQ,04/02/2012,44.85,44.85,44.24,44.44,3754129
VIAB,Viacom Inc. @ NASDAQ,04/03/2012,44.29,44.73,43.94,44.28,3369222
VIAB,Viacom Inc. @ NASDAQ,04/04/2012,43.82,43.99,43.12,43.74,5277540
VIAB,Viacom Inc. @ NASDAQ,04/05/2012,43.46,44.68,43.44,44.55,5199891
VIAB,Viacom Inc. @ NASDAQ,04/09/2012,44.17,44.33,43.76,44.07,3635292
VIAB,Viacom Inc. @ NASDAQ,04/10/2012,43.96,44.36,43.48,43.59,5101143
VIAB,Viacom Inc. @ NASDAQ,04/11/2012,44.02,44.12,43.53,43.74,3152729
VIAB,Viacom Inc. @ NASDAQ,04/12/2012,43.63,44.44,43.55,44.38,4223368
VIAB,Viacom Inc. @ NASDAQ,04/13/2012,44.53,44.53,43.99,44.1,4406400
VIAB,Viacom Inc. @ NASDAQ,04/16/2012,44.11,44.2,43.44,43.74,3436281
VIAB,Viacom Inc. @ NASDAQ,04/17/2012,44.03,44.66,43.99,44.44,2326585
VIAB,Viacom Inc. @ NASDAQ,04/18/2012,44.23,44.65,43.97,44.57,2177695
VIAB,Viacom Inc. @ NASDAQ,04/19/2012,44.6,44.95,44.36,44.55,3015085
VIAB,Viacom Inc. @ NASDAQ,04/20/2012,44.81,44.89,44.15,44.57,3220465
VIAB,Viacom Inc. @ NASDAQ,04/23/2012,44.29,44.29,43.61,43.73,3730674
VIAB,Viacom Inc. @ NASDAQ,04/24/2012,43.8,44.03,43.27,43.48,4078600
VIAB,Viacom Inc. @ NASDAQ,04/25/2012,43.85,44.38,43.55,44.24,2890200
VIAB,Viacom Inc. @ NASDAQ,04/26/2012,44.37,44.87,43.96,44.72,2903119
VIAB,Viacom Inc. @ NASDAQ,04/27/2012,44.9,45,44.44,44.65,3288898
VIAB,Viacom Inc. @ NASDAQ,04/30/2012,44.56,44.59,43.65,43.73,4118136
VIAB,Viacom Inc. @ NASDAQ,05/01/2012,43.72,44.18,43.69,43.94,5897800
VIAB,Viacom Inc. @ NASDAQ,05/02/2012,43.83,44.89,43.56,44.71,5090131
VIAB,Viacom Inc. @ NASDAQ,05/03/2012,43.62,46.99,43.51,46.21,9752500
VIAB,Viacom Inc. @ NASDAQ,05/04/2012,45.69,46.08,45.04,45.48,5305854
VIAB,Viacom Inc. @ NASDAQ,05/07/2012,45.43,45.72,45.12,45.2,4983671
VIAB,Viacom Inc. @ NASDAQ,05/08/2012,44.94,45.2,44.01,44.28,5630600
VIAB,Viacom Inc. @ NASDAQ,05/09/2012,43.71,45.13,43.71,44.41,5207665
VIAB,Viacom Inc. @ NASDAQ,05/10/2012,44.82,45.27,44.73,45.14,3478659
VIAB,Viacom Inc. @ NASDAQ,05/11/2012,44.97,45.45,44.74,44.95,3043106
VIAB,Viacom Inc. @ NASDAQ,05/14/2012,44.37,45.06,44.29,44.99,4414256
VIAB,Viacom Inc. @ NASDAQ,05/15/2012,44.87,44.98,44.19,44.29,4154617
VIAB,Viacom Inc. @ NASDAQ,05/16/2012,44.63,45.23,44.32,44.54,4388000
VIAB,Viacom Inc. @ NASDAQ,05/17/2012,44.67,44.81,43.99,44.02,3150583
VIAB,Viacom Inc. @ NASDAQ,05/18/2012,44.17,44.33,43.19,43.25,4042113
VIAB,Viacom Inc. @ NASDAQ,05/21/2012,43.43,44.26,43.18,44.21,2960666
VIAB,Viacom Inc. @ NASDAQ,05/22/2012,44.27,44.88,43.9,44.19,3147278
VIAB,Viacom Inc. @ NASDAQ,05/23/2012,44.01,44.65,43.55,44.5,3222988
VIAB,Viacom Inc. @ NASDAQ,05/24/2012,44.95,46.09,44.91,45.62,7697783
VIAB,Viacom Inc. @ NASDAQ,05/25/2012,45.25,45.62,44.87,45.25,3367342
VIAB,Viacom Inc. @ NASDAQ,05/29/2012,45.41,46.7,45.41,46.07,18912200
VIAB,Viacom Inc. @ NASDAQ,05/30/2012,45.82,45.82,44.78,45.1,4434253
VIAB,Viacom Inc. @ NASDAQ,05/31/2012,45.16,45.43,44.39,44.99,5588936
VIAB,Viacom Inc. @ NASDAQ,06/01/2012,44.46,44.55,43.57,43.61,5635368
VIAB,Viacom Inc. @ NASDAQ,06/04/2012,43.76,43.8,42.82,43.13,4684477
VIAB,Viacom Inc. @ NASDAQ,06/05/2012,43.09,43.16,42.72,43.03,3917200
VIAB,Viacom Inc. @ NASDAQ,06/06/2012,43.34,44.35,43.13,43.99,5123400
VIAB,Viacom Inc. @ NASDAQ,06/07/2012,44.55,45.2,44.49,44.66,4177400
VIAB,Viacom Inc. @ NASDAQ,06/08/2012,44.43,45.04,44.21,44.91,2481000
VIAB,Viacom Inc. @ NASDAQ,06/11/2012,45.32,45.51,44.27,44.35,2690400
VIAB,Viacom Inc. @ NASDAQ,06/12/2012,44.59,45.16,44.37,45.08,4463000
VIAB,Viacom Inc. @ NASDAQ,06/13/2012,44.8,45.15,43.54,43.76,5816400
VIAB,Viacom Inc. @ NASDAQ,06/14/2012,43.93,44.73,43.77,44.34,3765000
VIAB,Viacom Inc. @ NASDAQ,06/15/2012,44.6,45.24,44.11,45.19,6810664
VIAB,Viacom Inc. @ NASDAQ,06/18/2012,44.98,45.26,44.64,45,1990257
VIAB,Viacom Inc. @ NASDAQ,06/19/2012,45.14,45.71,44.82,45.39,2585141
VIAB,Viacom Inc. @ NASDAQ,06/20/2012,45.61,46.12,45.27,45.89,4343000
VIAB,Viacom Inc. @ NASDAQ,06/21/2012,46.07,46.24,44.93,44.99,4596709
VIAB,Viacom Inc. @ NASDAQ,06/22/2012,44.99,45.26,44.65,44.88,4026322
VIAB,Viacom Inc. @ NASDAQ,06/25/2012,44.44,44.49,43.73,43.89,3521000
VIAB,Viacom Inc. @ NASDAQ,06/26/2012,43.98,44.4,43.23,43.77,3255660
VIAB,Viacom Inc. @ NASDAQ,06/27/2012,44.04,44.65,43.81,44.5,3598315
VIAB,Viacom Inc. @ NASDAQ,06/28/2012,44.39,44.4,43.5,44.19,2927465
VIAB,Viacom Inc. @ NASDAQ,06/29/2012,45.13,45.21,44.38,44.58,4575487
VIAB,Viacom Inc. @ NASDAQ,07/02/2012,44.97,45.33,44.61,45.31,2745865
VIAB,Viacom Inc. @ NASDAQ,07/03/2012,45.22,46.1,45.17,46.08,2060200
VIAB,Viacom Inc. @ NASDAQ,07/05/2012,45.78,45.96,45.19,45.27,4827681
VIAB,Viacom Inc. @ NASDAQ,07/06/2012,45.15,45.37,44.83,45.19,2492261
VIAB,Viacom Inc. @ NASDAQ,07/09/2012,45.25,45.37,44.83,45.14,2293960
VIAB,Viacom Inc. @ NASDAQ,07/10/2012,44.37,44.86,43.97,44.43,5023506
VIAB,Viacom Inc. @ NASDAQ,07/11/2012,44.32,44.86,43.91,44.3,3771931
VIAB,Viacom Inc. @ NASDAQ,07/12/2012,43.92,44.08,43.5,43.88,2804400
VIAB,Viacom Inc. @ NASDAQ,07/13/2012,43.87,45.07,43.8,44.85,2632925
VIAB,Viacom Inc. @ NASDAQ,07/16/2012,44.83,45.03,44.37,44.55,2316800
VIAB,Viacom Inc. @ NASDAQ,07/17/2012,44.34,45.05,44.16,44.52,3812876
VIAB,Viacom Inc. @ NASDAQ,07/18/2012,43.73,45.46,43.73,45.15,4267600
VIAB,Viacom Inc. @ NASDAQ,07/19/2012,45.11,45.18,44.1,44.23,4608555
VIAB,Viacom Inc. @ NASDAQ,07/20/2012,44.61,45.1,43.95,44,5050913
VIAB,Viacom Inc. @ NASDAQ,07/23/2012,43.47,43.47,42.72,43.23,4164138
VIAB,Viacom Inc. @ NASDAQ,07/24/2012,43.32,43.32,42.64,42.93,3275167
VIAB,Viacom Inc. @ NASDAQ,07/25/2012,42.76,43.19,42.65,42.93,4047200
VIAB,Viacom Inc. @ NASDAQ,07/26/2012,43.61,44,43.44,43.65,3447800
VIAB,Viacom Inc. @ NASDAQ,07/27/2012,44.25,44.45,43.7,44.34,4582800
VIAB,Viacom Inc. @ NASDAQ,07/30/2012,44.46,44.51,44.11,44.28,2147606
VIAB,Viacom Inc. @ NASDAQ,07/31/2012,43.99,44.5,43.69,44.28,3065550
VIAB,Viacom Inc. @ NASDAQ,08/01/2012,44.64,44.99,43.81,43.83,3412017
VIAB,Viacom Inc. @ NASDAQ,08/02/2012,43.71,44.07,43.18,43.45,5261473
VIAB,Viacom Inc. @ NASDAQ,08/03/2012,42.53,45.13,42.52,44.75,12472200
VIAB,Viacom Inc. @ NASDAQ,08/06/2012,44.54,46.39,43.91,46.28,7790257
VIAB,Viacom Inc. @ NASDAQ,08/07/2012,46.24,47.05,46.24,46.54,5794633
VIAB,Viacom Inc. @ NASDAQ,08/08/2012,46.45,46.79,46.18,46.55,4692462
VIAB,Viacom Inc. @ NASDAQ,08/09/2012,46.65,47.45,46.55,47.2,5147028
VIAB,Viacom Inc. @ NASDAQ,08/10/2012,46.69,47.05,46.55,46.87,3114200
VIAB,Viacom Inc. @ NASDAQ,08/13/2012,46.61,46.83,46.33,46.78,2073517
VIAB,Viacom Inc. @ NASDAQ,08/14/2012,47.09,47.34,46.58,46.72,4512114
VIAB,Viacom Inc. @ NASDAQ,08/15/2012,46.77,47.14,46.55,47.06,2072000
VIAB,Viacom Inc. @ NASDAQ,08/16/2012,47.11,47.6,47.07,47.35,3217712
VIAB,Viacom Inc. @ NASDAQ,08/17/2012,47.74,48.89,47.35,48.37,5711797
VIAB,Viacom Inc. @ NASDAQ,08/20/2012,48.2,48.42,48.07,48.37,3807169
VIAB,Viacom Inc. @ NASDAQ,08/21/2012,48.25,48.66,47.9,47.99,3991618
VIAB,Viacom Inc. @ NASDAQ,08/22/2012,47.86,48.12,47.6,47.97,2430473
VIAB,Viacom Inc. @ NASDAQ,08/23/2012,47.77,48,47.51,47.57,2212818
VIAB,Viacom Inc. @ NASDAQ,08/24/2012,47.51,48.11,47.24,47.98,2550082
VIAB,Viacom Inc. @ NASDAQ,08/27/2012,48.01,48.02,47.6,47.67,1802869
VIAB,Viacom Inc. @ NASDAQ,08/28/2012,47.56,47.86,47.45,47.65,2379003
VIAB,Viacom Inc. @ NASDAQ,08/29/2012,46.72,47.73,46.72,47.72,3909200
VIAB,Viacom Inc. @ NASDAQ,08/30/2012,47.6,47.69,47.23,47.32,3849000
VIAB,Viacom Inc. @ NASDAQ,08/31/2012,47.68,47.93,47.27,47.41,2777200
VIAB,Viacom Inc. @ NASDAQ,09/04/2012,47.28,47.69,46.69,46.8,3531278
VIAB,Viacom Inc. @ NASDAQ,09/05/2012,46.74,47.2,46.39,46.44,4859400
VIAB,Viacom Inc. @ NASDAQ,09/06/2012,46.99,47.52,46.63,47.24,5537080
VIAB,Viacom Inc. @ NASDAQ,09/07/2012,47.56,48.28,47.33,48.22,4242391
VIAB,Viacom Inc. @ NASDAQ,09/10/2012,48.27,48.31,47.92,48.12,3652906
VIAB,Viacom Inc. @ NASDAQ,09/11/2012,48.06,48.63,47.69,48.27,3496520
VIAB,Viacom Inc. @ NASDAQ,09/12/2012,48.48,48.9,48.13,48.43,3442097
VIAB,Viacom Inc. @ NASDAQ,09/13/2012,49.26,49.94,48.41,49.82,5418400
VIAB,Viacom Inc. @ NASDAQ,09/14/2012,49.07,50.47,48.88,49.69,7905529
VIAB,Viacom Inc. @ NASDAQ,09/17/2012,49.42,50.06,49.3,50.02,3568691
VIAB,Viacom Inc. @ NASDAQ,09/18/2012,49.74,50.02,49.26,49.33,3034400
VIAB,Viacom Inc. @ NASDAQ,09/19/2012,49.55,51.94,49.17,51.05,10430200
VIAB,Viacom Inc. @ NASDAQ,09/20/2012,50.82,52.03,50.77,51.84,7392901
VIAB,Viacom Inc. @ NASDAQ,09/21/2012,52.33,52.33,51.56,51.77,15525700
VIAB,Viacom Inc. @ NASDAQ,09/24/2012,51.46,53,51.28,52.63,7106000
VIAB,Viacom Inc. @ NASDAQ,09/25/2012,52.59,52.87,51.86,51.93,7502000
VIAB,Viacom Inc. @ NASDAQ,09/26/2012,51.86,51.93,50.84,50.92,4308400
VIAB,Viacom Inc. @ NASDAQ,09/27/2012,50.64,51.75,50.54,51.62,4009587
VIAB,Viacom Inc. @ NASDAQ,09/28/2012,51.68,51.68,50.89,51.08,6215000
VIAB,Viacom Inc. @ NASDAQ,10/01/2012,51.38,51.46,50.92,51.11,3719476
VIAB,Viacom Inc. @ NASDAQ,10/02/2012,51.43,51.89,51.11,51.54,3031486
VIAB,Viacom Inc. @ NASDAQ,10/03/2012,51.53,51.94,50.9,51.77,3808711
VIAB,Viacom Inc. @ NASDAQ,10/04/2012,52.03,53.35,51.84,53.05,5429870
VIAB,Viacom Inc. @ NASDAQ,10/05/2012,53.37,53.93,53.07,53.29,3144765
VIAB,Viacom Inc. @ NASDAQ,10/08/2012,53.38,54.25,53.2,53.99,5736464
VIAB,Viacom Inc. @ NASDAQ,10/09/2012,53.77,54,53.45,53.59,3496052
VIAB,Viacom Inc. @ NASDAQ,10/10/2012,52.19,52.93,51.28,52.07,7349637
VIAB,Viacom Inc. @ NASDAQ,10/11/2012,52.61,53.02,51.63,51.76,4029000
VIAB,Viacom Inc. @ NASDAQ,10/12/2012,51.66,52.52,51.59,51.79,3476200
VIAB,Viacom Inc. @ NASDAQ,10/15/2012,51.76,52.07,51.39,51.87,4360919
VIAB,Viacom Inc. @ NASDAQ,10/16/2012,52.19,52.81,52.07,52.52,2113518
VIAB,Viacom Inc. @ NASDAQ,10/17/2012,52.61,53,52.38,52.76,3293703
VIAB,Viacom Inc. @ NASDAQ,10/18/2012,52.67,53.38,52.52,52.97,2314478
VIAB,Viacom Inc. @ NASDAQ,10/19/2012,53.04,53.17,51.75,52.11,3438600
VIAB,Viacom Inc. @ NASDAQ,10/22/2012,51.96,52.87,51.88,52.67,2955474
VIAB,Viacom Inc. @ NASDAQ,10/23/2012,52.01,52.16,51.11,51.19,2958397
VIAB,Viacom Inc. @ NASDAQ,10/24/2012,51.47,51.63,50.86,51.3,2304800
VIAB,Viacom Inc. @ NASDAQ,10/25/2012,51.81,51.81,50.72,50.96,2780661
VIAB,Viacom Inc. @ NASDAQ,10/26/2012,51.1,51.3,49.61,50.07,4076542
VIAB,Viacom Inc. @ NASDAQ,10/31/2012,50.04,50.11,48.6,48.89,6254629
VIAB,Viacom Inc. @ NASDAQ,11/01/2012,49.19,49.6,48.56,49.35,4431200
VIAB,Viacom Inc. @ NASDAQ,11/02/2012,49.8,49.82,48.38,48.58,4705071
VIAB,Viacom Inc. @ NASDAQ,11/05/2012,48.44,48.68,47.99,48.32,3764075
VIAB,Viacom Inc. @ NASDAQ,11/06/2012,48.58,48.61,48.04,48.24,4300800
VIAB,Viacom Inc. @ NASDAQ,11/07/2012,47.99,48.23,46.97,47.92,4877887
VIAB,Viacom Inc. @ NASDAQ,11/08/2012,47.8,48.23,47.1,47.12,3036428
VIAB,Viacom Inc. @ NASDAQ,11/09/2012,46.7,47.4,46.47,46.86,3890089
VIAB,Viacom Inc. @ NASDAQ,11/12/2012,46.86,47.07,46.42,46.8,2212024
VIAB,Viacom Inc. @ NASDAQ,11/13/2012,46.66,47.29,46.53,46.54,2998732
VIAB,Viacom Inc. @ NASDAQ,11/14/2012,46.65,46.75,45.38,45.75,5322100
VIAB,Viacom Inc. @ NASDAQ,11/15/2012,46.26,47.96,46.26,46.93,13766900
VIAB,Viacom Inc. @ NASDAQ,11/16/2012,46.82,47.29,46.48,47.15,5778172
VIAB,Viacom Inc. @ NASDAQ,11/19/2012,47.59,48.41,47.59,48.04,7543728
VIAB,Viacom Inc. @ NASDAQ,11/20/2012,48.1,48.3,46.92,47.63,7598097
VIAB,Viacom Inc. @ NASDAQ,11/21/2012,47.53,47.65,47.11,47.38,2953855
VIAB,Viacom Inc. @ NASDAQ,11/23/2012,47.68,48.13,47.51,48.12,1586749
VIAB,Viacom Inc. @ NASDAQ,11/26/2012,47.9,48.08,47.49,47.79,2847990
VIAB,Viacom Inc. @ NASDAQ,11/27/2012,47.8,48.45,47.79,48.02,2625400
VIAB,Viacom Inc. @ NASDAQ,11/28/2012,47.99,48.64,47.63,48.56,3080909
VIAB,Viacom Inc. @ NASDAQ,11/29/2012,48.9,49.2,48.61,48.99,3511809
VIAB,Viacom Inc. @ NASDAQ,11/30/2012,48.95,49.33,48.76,49.2,4040600
VIAB,Viacom Inc. @ NASDAQ,12/03/2012,49.45,49.84,48.62,48.65,4009832
VIAB,Viacom Inc. @ NASDAQ,12/04/2012,48.64,48.98,48.45,48.89,3559849
VIAB,Viacom Inc. @ NASDAQ,12/05/2012,48.84,49.39,48.57,48.99,4046928
VIAB,Viacom Inc. @ NASDAQ,12/06/2012,48.97,50.15,48.75,50.05,5135677
VIAB,Viacom Inc. @ NASDAQ,12/07/2012,50.08,51.25,50.08,51.05,6133890
VIAB,Viacom Inc. @ NASDAQ,12/10/2012,50.95,52.1,50.81,51.68,5385045
VIAB,Viacom Inc. @ NASDAQ,12/11/2012,51.82,52.23,51.6,51.99,3807737
VIAB,Viacom Inc. @ NASDAQ,12/12/2012,52.37,52.52,51.74,51.89,3260936
VIAB,Viacom Inc. @ NASDAQ,12/13/2012,52.07,52.17,50.93,51.11,7032800
VIAB,Viacom Inc. @ NASDAQ,12/14/2012,50.84,51.15,50.55,50.78,4751566
VIAB,Viacom Inc. @ NASDAQ,12/17/2012,51.02,51.29,50.96,51.14,5200344
VIAB,Viacom Inc. @ NASDAQ,12/18/2012,51.27,51.7,50.72,51.54,4831200
VIAB,Viacom Inc. @ NASDAQ,12/19/2012,51.74,51.87,51.13,51.18,3594800
VIAB,Viacom Inc. @ NASDAQ,12/20/2012,51.41,51.6,51.09,51.25,4366769
VIAB,Viacom Inc. @ NASDAQ,12/21/2012,50.79,51.1,50.24,50.86,7898790
VIAB,Viacom Inc. @ NASDAQ,12/24/2012,50.69,51.12,50.68,50.93,1109435
VIAB,Viacom Inc. @ NASDAQ,12/26/2012,51.04,51.11,50.37,50.48,2853705
VIAB,Viacom Inc. @ NASDAQ,12/27/2012,50.64,50.79,49.7,50.4,2719472
VIAB,Viacom Inc. @ NASDAQ,12/28/2012,50.12,50.29,49.71,49.78,2398688
VIAB,Viacom Inc. @ NASDAQ,12/31/2012,49.61,50.57,49.5,50.53,3936931
VIAB,Viacom Inc. @ NASDAQ,01/02/2013,51.6,53.71,51.6,53.66,5236378
VIAB,Viacom Inc. @ NASDAQ,01/03/2013,53.75,54.47,53.58,54.08,4478563
VIAB,Viacom Inc. @ NASDAQ,01/04/2013,54.14,55.19,53.89,55.1,4544102
VIAB,Viacom Inc. @ NASDAQ,01/07/2013,54.63,54.79,53.56,53.93,3638672
VIAB,Viacom Inc. @ NASDAQ,01/08/2013,53.61,54.66,53.55,54.65,2993229
VIAB,Viacom Inc. @ NASDAQ,01/09/2013,54.73,56.07,54.69,55.38,4049776
VIAB,Viacom Inc. @ NASDAQ,01/10/2013,55.62,56.07,55.04,56.05,4465929
VIAB,Viacom Inc. @ NASDAQ,01/11/2013,56.32,56.45,55.3,55.36,4027600
VIAB,Viacom Inc. @ NASDAQ,01/14/2013,54.62,55.55,54.36,55.34,3850664
VIAB,Viacom Inc. @ NASDAQ,01/15/2013,54.92,55.52,54.87,55.39,2347600
VIAB,Viacom Inc. @ NASDAQ,01/16/2013,54.95,55.34,54.72,54.77,3069484
VIAB,Viacom Inc. @ NASDAQ,01/17/2013,54.74,55.53,54.58,55.17,3653270
VIAB,Viacom Inc. @ NASDAQ,01/18/2013,55.16,55.91,55.09,55.45,3582309
VIAB,Viacom Inc. @ NASDAQ,01/22/2013,56.82,56.83,55.39,56.46,3743400
VIAB,Viacom Inc. @ NASDAQ,01/23/2013,55.44,56.77,55.44,56.53,2821681
VIAB,Viacom Inc. @ NASDAQ,01/24/2013,56.64,56.9,55.91,56.1,2941800
VIAB,Viacom Inc. @ NASDAQ,01/25/2013,56.57,56.9,56.15,56.54,2402902
VIAB,Viacom Inc. @ NASDAQ,01/28/2013,56.51,56.65,56.17,56.27,1725086
VIAB,Viacom Inc. @ NASDAQ,01/29/2013,55.86,56.49,55.66,56.3,2398161
VIAB,Viacom Inc. @ NASDAQ,01/30/2013,56.36,57.06,55.72,56.84,3608564
VIAB,Viacom Inc. @ NASDAQ,01/31/2013,57.01,58.29,56.55,57.82,5392303
VIAB,Viacom Inc. @ NASDAQ,02/01/2013,57.7,58.15,57.05,58,4743259
VIAB,Viacom Inc. @ NASDAQ,02/04/2013,57.61,57.74,56.63,56.67,3844993
VIAB,Viacom Inc. @ NASDAQ,02/05/2013,57.06,57.24,56.69,56.86,3112460
VIAB,Viacom Inc. @ NASDAQ,02/06/2013,56.05,57.08,56.05,56.72,4545400
VIAB,Viacom Inc. @ NASDAQ,02/07/2013,55.95,56.65,55.55,56.42,3402641
VIAB,Viacom Inc. @ NASDAQ,02/08/2013,56.67,57.35,56.62,56.79,2486030
VIAB,Viacom Inc. @ NASDAQ,02/11/2013,56.84,56.99,56.26,56.82,1613200
VIAB,Viacom Inc. @ NASDAQ,02/12/2013,56.45,56.99,56.45,56.64,1998400
VIAB,Viacom Inc. @ NASDAQ,02/13/2013,56.88,57.34,56.66,57.05,2372068
VIAB,Viacom Inc. @ NASDAQ,02/14/2013,56.72,57.44,56.06,57.44,2300112
VIAB,Viacom Inc. @ NASDAQ,02/15/2013,57.29,57.48,56.61,56.97,3781252
VIAB,Viacom Inc. @ NASDAQ,02/19/2013,57.34,57.73,57.04,57.64,2180400
VIAB,Viacom Inc. @ NASDAQ,02/20/2013,57.57,57.75,56.25,56.33,2629400
VIAB,Viacom Inc. @ NASDAQ,02/21/2013,56.08,56.16,55.59,55.62,2834080
VIAB,Viacom Inc. @ NASDAQ,02/22/2013,55.96,56.54,55.56,56.54,2364492
VIAB,Viacom Inc. @ NASDAQ,02/25/2013,56.85,56.87,54.73,54.91,2607143
VIAB,Viacom Inc. @ NASDAQ,02/26/2013,55.16,55.56,54.73,54.88,3087277
VIAB,Viacom Inc. @ NASDAQ,02/27/2013,55.17,56.32,54.74,55.43,4035995
VIAB,Viacom Inc. @ NASDAQ,02/28/2013,55.54,56.58,55.28,56.05,4849850
VIAB,Viacom Inc. @ NASDAQ,03/01/2013,55.73,57.28,55.68,57.14,3508634
VIAB,Viacom Inc. @ NASDAQ,03/04/2013,56.81,57.23,56.67,57.05,3097094
VIAB,Viacom Inc. @ NASDAQ,03/05/2013,57.46,58.78,57.26,58.14,3698692
VIAB,Viacom Inc. @ NASDAQ,03/06/2013,58.39,58.6,57.79,57.81,2169200
VIAB,Viacom Inc. @ NASDAQ,03/07/2013,58.06,58.44,57.74,58.3,2246608
VIAB,Viacom Inc. @ NASDAQ,03/08/2013,58.44,59.5,58.19,59.31,2697700
VIAB,Viacom Inc. @ NASDAQ,03/11/2013,59.05,59.55,58.98,59.26,1786800
VIAB,Viacom Inc. @ NASDAQ,03/12/2013,59.2,59.42,58.74,59.35,2003450
VIAB,Viacom Inc. @ NASDAQ,03/13/2013,59.28,60.39,58.98,60,3271400
VIAB,Viacom Inc. @ NASDAQ,03/14/2013,60.3,61.58,60.05,61.46,4277000
VIAB,Viacom Inc. @ NASDAQ,03/15/2013,61.01,62.27,60.69,60.76,5225200
VIAB,Viacom Inc. @ NASDAQ,03/18/2013,60.12,60.63,59.68,60.16,2532625
VIAB,Viacom Inc. @ NASDAQ,03/19/2013,60.24,60.36,58.58,59.11,3446518
VIAB,Viacom Inc. @ NASDAQ,03/20/2013,59.68,59.86,59.29,59.48,2131593
VIAB,Viacom Inc. @ NASDAQ,03/21/2013,58.92,59.5,58.72,58.93,1823221
VIAB,Viacom Inc. @ NASDAQ,03/22/2013,59.27,60.06,59.14,59.61,1839813
VIAB,Viacom Inc. @ NASDAQ,03/25/2013,59.89,60.43,58.41,59,2393500
VIAB,Viacom Inc. @ NASDAQ,03/26/2013,57.09,59.6,57.09,59.03,1967600
VIAB,Viacom Inc. @ NASDAQ,03/27/2013,58.52,59.22,58.1,59.05,1679145
VIAB,Viacom Inc. @ NASDAQ,03/28/2013,59.04,59.86,58.99,59.16,2537700
VIAB,Viacom Inc. @ NASDAQ,04/01/2013,59.44,59.65,58.53,59.39,2435212
VIAB,Viacom Inc. @ NASDAQ,04/02/2013,59.74,60.27,59.1,59.39,2313923
VIAB,Viacom Inc. @ NASDAQ,04/03/2013,59.94,60.43,59.55,59.79,4002100
VIAB,Viacom Inc. @ NASDAQ,04/04/2013,59.84,60.71,59.75,60.59,2872600
VIAB,Viacom Inc. @ NASDAQ,04/05/2013,59.39,60.74,58.98,60.67,3809904
VIAB,Viacom Inc. @ NASDAQ,04/08/2013,60.77,63.17,60.59,63.02,5471000
VIAB,Viacom Inc. @ NASDAQ,04/09/2013,63.3,63.6,62.14,62.17,4605824
VIAB,Viacom Inc. @ NASDAQ,04/10/2013,61.36,63.29,61.36,63.22,2259979
VIAB,Viacom Inc. @ NASDAQ,04/11/2013,63.22,64.25,63.22,63.66,2785000
VIAB,Viacom Inc. @ NASDAQ,04/12/2013,63.8,64.12,63.15,63.99,2029400
VIAB,Viacom Inc. @ NASDAQ,04/15/2013,63.55,63.74,61.58,61.61,3078540
VIAB,Viacom Inc. @ NASDAQ,04/16/2013,61.99,63.74,61.94,63.7,4038612
VIAB,Viacom Inc. @ NASDAQ,04/17/2013,63.38,63.51,62.37,63.09,2846239
VIAB,Viacom Inc. @ NASDAQ,04/18/2013,63.28,63.38,62.4,62.6,1878600
VIAB,Viacom Inc. @ NASDAQ,04/19/2013,61.92,63.79,61.9,63.69,2094200
VIAB,Viacom Inc. @ NASDAQ,04/22/2013,63.85,64.37,62.95,64.01,1600100
VIAB,Viacom Inc. @ NASDAQ,04/23/2013,63.83,63.98,62.35,63.08,4946631
VIAB,Viacom Inc. @ NASDAQ,04/24/2013,63.22,63.83,62.18,62.55,2910900
VIAB,Viacom Inc. @ NASDAQ,04/25/2013,62.6,62.81,61.31,62.06,3755100
VIAB,Viacom Inc. @ NASDAQ,04/26/2013,62.17,62.25,61.17,61.22,3371800
VIAB,Viacom Inc. @ NASDAQ,04/29/2013,61.46,61.85,61.17,61.25,4293800
VIAB,Viacom Inc. @ NASDAQ,04/30/2013,61.16,62.18,61.14,61.58,4946333
VIAB,Viacom Inc. @ NASDAQ,05/01/2013,63.26,66.48,63.22,63.42,6591200
VIAB,Viacom Inc. @ NASDAQ,05/02/2013,63.8,65.07,63.74,64.98,4107300
VIAB,Viacom Inc. @ NASDAQ,05/03/2013,65.61,65.8,64.64,64.74,3248000
VIAB,Viacom Inc. @ NASDAQ,05/06/2013,64.78,65.48,64.59,64.91,2258322
VIAB,Viacom Inc. @ NASDAQ,05/07/2013,64.89,65.4,64.76,65.18,2113425
VIAB,Viacom Inc. @ NASDAQ,05/08/2013,65.14,66.01,64.91,66,2942300
VIAB,Viacom Inc. @ NASDAQ,05/09/2013,66.02,66.43,65.52,66.03,2598700
VIAB,Viacom Inc. @ NASDAQ,05/10/2013,65.9,66.88,65.9,66.4,1825100
VIAB,Viacom Inc. @ NASDAQ,05/13/2013,66.12,66.53,65.45,65.99,1951642
VIAB,Viacom Inc. @ NASDAQ,05/14/2013,66.13,66.71,66.03,66.11,2152829
VIAB,Viacom Inc. @ NASDAQ,05/15/2013,66.22,67.01,65.72,67,2366100
VIAB,Viacom Inc. @ NASDAQ,05/16/2013,66.7,67.06,66.05,66.18,2436620
VIAB,Viacom Inc. @ NASDAQ,05/17/2013,66.61,67.16,66.21,67.09,2747147
VIAB,Viacom Inc. @ NASDAQ,05/20/2013,66.84,66.99,66.29,66.41,2331500
VIAB,Viacom Inc. @ NASDAQ,05/21/2013,66.48,67.34,66.24,66.96,2384120
VIAB,Viacom Inc. @ NASDAQ,05/22/2013,66.67,68.24,66.06,66.94,3147530
VIAB,Viacom Inc. @ NASDAQ,05/23/2013,66.39,66.93,65.89,66.49,2337973
VIAB,Viacom Inc. @ NASDAQ,05/24/2013,65.95,66.64,65.15,66.36,1877212
VIAB,Viacom Inc. @ NASDAQ,05/28/2013,66.84,67.39,66.2,66.75,3021738
VIAB,Viacom Inc. @ NASDAQ,05/29/2013,66.26,66.36,65.66,65.85,2063977
VIAB,Viacom Inc. @ NASDAQ,05/30/2013,66.04,66.2,65.38,65.39,2352633
VIAB,Viacom Inc. @ NASDAQ,05/31/2013,65.28,65.36,63.39,63.41,4927413
VIAB,Viacom Inc. @ NASDAQ,06/03/2013,63.14,64.44,62.82,64.41,2461738
VIAB,Viacom Inc. @ NASDAQ,06/04/2013,64.75,65.87,64.25,64.51,2841613
VIAB,Viacom Inc. @ NASDAQ,06/05/2013,64.33,64.52,63.25,63.72,2669017
VIAB,Viacom Inc. @ NASDAQ,06/06/2013,63.63,63.99,62.83,63.82,2455350
VIAB,Viacom Inc. @ NASDAQ,06/07/2013,64.22,65.49,63.82,65.26,2610727
VIAB,Viacom Inc. @ NASDAQ,06/10/2013,65.25,65.27,64.72,65,2251300
VIAB,Viacom Inc. @ NASDAQ,06/11/2013,64.2,65.12,63.78,64.5,2748400
VIAB,Viacom Inc. @ NASDAQ,06/12/2013,64.9,65.08,62.92,63.08,3383500
VIAB,Viacom Inc. @ NASDAQ,06/13/2013,63.34,64.76,62.93,64.72,2829907
VIAB,Viacom Inc. @ NASDAQ,06/14/2013,64.47,65.37,64.28,64.54,1840000
VIAB,Viacom Inc. @ NASDAQ,06/17/2013,64.81,65.67,64.63,65.04,2065702
VIAB,Viacom Inc. @ NASDAQ,06/18/2013,64.85,65.73,64.78,65.35,1780849
VIAB,Viacom Inc. @ NASDAQ,06/19/2013,65.53,65.82,64.64,64.64,2029039
VIAB,Viacom Inc. @ NASDAQ,06/20/2013,64.14,64.23,62.89,63.07,2443792
VIAB,Viacom Inc. @ NASDAQ,06/21/2013,63.58,63.91,62.86,63.53,4962500
VIAB,Viacom Inc. @ NASDAQ,06/24/2013,63.08,63.58,62.4,63.03,3235500
VIAB,Viacom Inc. @ NASDAQ,06/25/2013,63.5,64.24,63.28,63.43,2624515
VIAB,Viacom Inc. @ NASDAQ,06/26/2013,64.18,64.96,63.78,64.88,2210091
VIAB,Viacom Inc. @ NASDAQ,06/27/2013,65.21,65.95,65.08,65.4,1807716
VIAB,Viacom Inc. @ NASDAQ,06/28/2013,65.03,66.33,64.89,65.76,4486517
VIAB,Viacom Inc. @ NASDAQ,07/01/2013,66.24,66.47,65.44,65.53,1915801
VIAB,Viacom Inc. @ NASDAQ,07/02/2013,65.26,65.69,64.59,65.29,2659900
VIAB,Viacom Inc. @ NASDAQ,07/03/2013,64.62,66.41,64.6,66.16,1039400
VIAB,Viacom Inc. @ NASDAQ,07/05/2013,66.45,67.08,66.27,67,1780300
VIAB,Viacom Inc. @ NASDAQ,07/08/2013,67.28,67.71,67.19,67.49,2030500
VIAB,Viacom Inc. @ NASDAQ,07/09/2013,67.68,68.24,66.54,66.78,3224900
VIAB,Viacom Inc. @ NASDAQ,07/10/2013,66.84,67.92,66.71,67.81,1668900
VIAB,Viacom Inc. @ NASDAQ,07/11/2013,68.76,69.51,68.13,68.47,2882414
VIAB,Viacom Inc. @ NASDAQ,07/12/2013,68.62,69.72,68.41,69.61,2447312
VIAB,Viacom Inc. @ NASDAQ,07/15/2013,69.59,70.3,69.43,69.91,1965111
VIAB,Viacom Inc. @ NASDAQ,07/16/2013,69.78,70.3,69.18,69.54,1748703
VIAB,Viacom Inc. @ NASDAQ,07/17/2013,69.85,70.38,69.5,70.25,1902926
VIAB,Viacom Inc. @ NASDAQ,07/18/2013,70.53,71.97,69.84,71.61,3076030
VIAB,Viacom Inc. @ NASDAQ,07/19/2013,72.33,72.34,71.09,71.88,3240106
VIAB,Viacom Inc. @ NASDAQ,07/22/2013,72.39,72.39,70.62,70.88,2447843
VIAB,Viacom Inc. @ NASDAQ,07/23/2013,72.4,72.4,70.66,71.26,1681449
VIAB,Viacom Inc. @ NASDAQ,07/24/2013,71.54,71.8,70.01,70.19,2208830
VIAB,Viacom Inc. @ NASDAQ,07/25/2013,70.49,70.7,69.5,70.44,2541091
VIAB,Viacom Inc. @ NASDAQ,07/26/2013,69.7,70.72,69.6,70.6,1811308
VIAB,Viacom Inc. @ NASDAQ,07/29/2013,70.41,70.57,69.54,69.87,1597515
VIAB,Viacom Inc. @ NASDAQ,07/30/2013,70.36,70.39,69.43,69.73,2731924
VIAB,Viacom Inc. @ NASDAQ,07/31/2013,70.01,70.8,69.93,70.34,1720300
VIAB,Viacom Inc. @ NASDAQ,08/01/2013,71.07,72.01,70.84,71.88,2889150
VIAB,Viacom Inc. @ NASDAQ,08/02/2013,76.41,78.23,75.74,76.53,9770000
VIAB,Viacom Inc. @ NASDAQ,08/05/2013,75.95,76.85,75.35,76.12,5352700
VIAB,Viacom Inc. @ NASDAQ,08/06/2013,75.75,76.53,75.66,76.22,3954100
VIAB,Viacom Inc. @ NASDAQ,08/07/2013,75.81,77.2,75.81,76.78,3960400
VIAB,Viacom Inc. @ NASDAQ,08/08/2013,77.34,77.95,76.74,77.43,3432100
VIAB,Viacom Inc. @ NASDAQ,08/09/2013,77.09,77.99,77.09,77.48,2497600
VIAB,Viacom Inc. @ NASDAQ,08/12/2013,77.22,77.72,76.8,76.94,2715700
VIAB,Viacom Inc. @ NASDAQ,08/13/2013,77.27,77.8,76.78,77.08,3085500
VIAB,Viacom Inc. @ NASDAQ,08/14/2013,76.98,77.33,76.71,76.91,2344118
VIAB,Viacom Inc. @ NASDAQ,08/15/2013,76.3,76.4,75.52,75.56,2980221
VIAB,Viacom Inc. @ NASDAQ,08/16/2013,75.25,76.7,74.22,75.89,2892900
VIAB,Viacom Inc. @ NASDAQ,08/19/2013,75.16,76.1,75.06,75.09,3246554
VIAB,Viacom Inc. @ NASDAQ,08/20/2013,75.45,76.39,75.08,75.63,3011443
VIAB,Viacom Inc. @ NASDAQ,08/21/2013,75.45,76.53,75.22,75.33,3153804
VIAB,Viacom Inc. @ NASDAQ,08/22/2013,75.26,77.3,75.26,76.94,2239960
VIAB,Viacom Inc. @ NASDAQ,08/23/2013,75.53,77.32,75.53,76.78,2584905
VIAB,Viacom Inc. @ NASDAQ,08/26/2013,76.49,78.26,76.49,76.86,2839515
VIAB,Viacom Inc. @ NASDAQ,08/27/2013,76.03,77.24,75.67,75.71,3693300
VIAB,Viacom Inc. @ NASDAQ,08/28/2013,75.85,77.25,75.8,76.76,3054300
VIAB,Viacom Inc. @ NASDAQ,08/29/2013,76.32,77.55,76.04,76.76,2416400
VIAB,Viacom Inc. @ NASDAQ,08/30/2013,76.78,77.42,76.55,76.91,2741700
VIAB,Viacom Inc. @ NASDAQ,09/03/2013,78.05,78.96,76.86,77.25,3528693
VIAB,Viacom Inc. @ NASDAQ,09/04/2013,77.03,78.49,76.81,77.43,3737813
VIAB,Viacom Inc. @ NASDAQ,09/05/2013,76.11,77.86,76.11,77.25,3020600
VIAB,Viacom Inc. @ NASDAQ,09/06/2013,77.84,78.36,76.37,77.61,3263100
VIAB,Viacom Inc. @ NASDAQ,09/09/2013,77.69,78.15,77.46,77.71,3165200
VIAB,Viacom Inc. @ NASDAQ,09/10/2013,78.3,78.41,77.82,78.06,3415449
VIAB,Viacom Inc. @ NASDAQ,09/11/2013,79.34,79.79,78.59,79.61,3871997
VIAB,Viacom Inc. @ NASDAQ,09/12/2013,79.41,81,79.39,80.09,4094200
VIAB,Viacom Inc. @ NASDAQ,09/13/2013,80.04,80.5,79.46,79.82,2761300
VIAB,Viacom Inc. @ NASDAQ,09/16/2013,81.09,81.23,80.23,80.29,2842850
VIAB,Viacom Inc. @ NASDAQ,09/17/2013,82.08,82.08,80.41,80.67,2940100
VIAB,Viacom Inc. @ NASDAQ,09/18/2013,80.78,81.33,80.03,80.73,3144281
VIAB,Viacom Inc. @ NASDAQ,09/19/2013,80.78,81.99,80.55,80.73,3164200
VIAB,Viacom Inc. @ NASDAQ,09/20/2013,80.96,81.94,80.54,80.67,6294776
VIAB,Viacom Inc. @ NASDAQ,09/23/2013,80.2,81.59,80.12,80.9,2933822
VIAB,Viacom Inc. @ NASDAQ,09/24/2013,81.21,81.35,80.36,80.47,2842586
VIAB,Viacom Inc. @ NASDAQ,09/25/2013,80.35,81.15,80.05,80.44,3068900
VIAB,Viacom Inc. @ NASDAQ,09/26/2013,80.42,81.55,80.42,81.32,2649736
VIAB,Viacom Inc. @ NASDAQ,09/27/2013,80.76,82.69,80.63,81.91,3276728
VIAB,Viacom Inc. @ NASDAQ,09/30/2013,81.31,81.86,81.01,81.09,2632100
VIAB,Viacom Inc. @ NASDAQ,10/01/2013,81.29,81.92,81.2,81.82,2024197
VIAB,Viacom Inc. @ NASDAQ,10/02/2013,81.04,81.19,79.78,80.37,3280800
VIAB,Viacom Inc. @ NASDAQ,10/03/2013,79.95,80.53,79.27,79.71,2349495
VIAB,Viacom Inc. @ NASDAQ,10/04/2013,79.95,80.86,79.48,80.73,1893643
VIAB,Viacom Inc. @ NASDAQ,10/07/2013,79.99,80.72,79.77,79.89,1557300
VIAB,Viacom Inc. @ NASDAQ,10/08/2013,79.88,79.89,78.11,78.19,2934350
VIAB,Viacom Inc. @ NASDAQ,10/09/2013,78.46,78.48,76.93,77.79,3511200
VIAB,Viacom Inc. @ NASDAQ,10/10/2013,78.69,79.24,78.32,78.64,3922809
VIAB,Viacom Inc. @ NASDAQ,10/11/2013,77.45,79.59,77.45,79.56,2691500
VIAB,Viacom Inc. @ NASDAQ,10/14/2013,79.24,80.43,78.01,80.38,1512200
VIAB,Viacom Inc. @ NASDAQ,10/15/2013,80.34,80.6,79.62,80.09,1922100
VIAB,Viacom Inc. @ NASDAQ,10/16/2013,80.45,80.87,79.59,80.02,2729300
VIAB,Viacom Inc. @ NASDAQ,10/17/2013,79.7,80.77,79.52,80.65,2266918
VIAB,Viacom Inc. @ NASDAQ,10/18/2013,81,81.27,80.54,81.15,2841400
VIAB,Viacom Inc. @ NASDAQ,10/21/2013,80.99,81.4,80.76,81.37,1791300
VIAB,Viacom Inc. @ NASDAQ,10/22/2013,81.71,82.44,81.36,82.13,2086900
VIAB,Viacom Inc. @ NASDAQ,10/23/2013,81.46,82.23,81.35,81.86,1925601
VIAB,Viacom Inc. @ NASDAQ,10/24/2013,81.77,82.81,81.72,81.88,1581300
VIAB,Viacom Inc. @ NASDAQ,10/25/2013,82.7,82.91,81.85,82.41,2147600
VIAB,Viacom Inc. @ NASDAQ,10/28/2013,82.05,82.8,81.88,82.02,1839164
VIAB,Viacom Inc. @ NASDAQ,10/29/2013,82.14,82.48,81.64,82.19,1775046
VIAB,Viacom Inc. @ NASDAQ,10/30/2013,83.5,83.5,80.54,81.01,1638000
VIAB,Viacom Inc. @ NASDAQ,10/31/2013,81.06,81.68,80.2,80.81,2404900
VIAB,Viacom Inc. @ NASDAQ,11/01/2013,81.18,81.45,80.46,81.07,1798900
VIAB,Viacom Inc. @ NASDAQ,11/04/2013,81.46,81.46,80.01,80.6,2059700
VIAB,Viacom Inc. @ NASDAQ,11/05/2013,79.84,81.73,79.81,81.65,2752700
VIAB,Viacom Inc. @ NASDAQ,11/06/2013,82.18,82.96,80.09,81.3,2936551
VIAB,Viacom Inc. @ NASDAQ,11/07/2013,81.66,81.7,78.43,78.5,3245810
VIAB,Viacom Inc. @ NASDAQ,11/08/2013,78.64,80.05,78.16,79.84,2575800
VIAB,Viacom Inc. @ NASDAQ,11/11/2013,79.82,80.31,79.58,79.91,1334400
VIAB,Viacom Inc. @ NASDAQ,11/12/2013,79.41,79.88,79.01,79.68,2076600
VIAB,Viacom Inc. @ NASDAQ,11/13/2013,76.84,80.8,76.84,80.66,2730500
VIAB,Viacom Inc. @ NASDAQ,11/14/2013,79.56,81.01,78.11,78.4,7294900
VIAB,Viacom Inc. @ NASDAQ,11/15/2013,78.79,79.12,77.6,78.12,5026500
VIAB,Viacom Inc. @ NASDAQ,11/18/2013,78.25,78.48,76.89,77.17,3927700
VIAB,Viacom Inc. @ NASDAQ,11/19/2013,77.51,77.79,76.79,77.26,3314835
VIAB,Viacom Inc. @ NASDAQ,11/20/2013,77.27,77.82,76.62,77.74,5411500
VIAB,Viacom Inc. @ NASDAQ,11/21/2013,77.71,78.26,77.38,77.78,2910200
VIAB,Viacom Inc. @ NASDAQ,11/22/2013,77.67,78.07,77.15,77.26,7886900
VIAB,Viacom Inc. @ NASDAQ,11/25/2013,77.74,77.74,77.03,77.22,3169100
VIAB,Viacom Inc. @ NASDAQ,11/26/2013,77.37,77.47,76.49,76.89,3794400
VIAB,Viacom Inc. @ NASDAQ,11/27/2013,77.39,77.7,76.83,77.48,2773500
VIAB,Viacom Inc. @ NASDAQ,11/29/2013,77.67,78.46,77.37,77.79,1431991
VIAB,Viacom Inc. @ NASDAQ,12/02/2013,78.59,79.15,77.83,78.42,3317900
VIAB,Viacom Inc. @ NASDAQ,12/03/2013,78.18,79.06,78.07,78.79,3440800
VIAB,Viacom Inc. @ NASDAQ,12/04/2013,78.39,79.42,77.97,79.11,2963100
VIAB,Viacom Inc. @ NASDAQ,12/05/2013,78.97,79.8,78.9,79.19,2208100
VIAB,Viacom Inc. @ NASDAQ,12/06/2013,80.13,80.28,79,79.76,2380300
VIAB,Viacom Inc. @ NASDAQ,12/09/2013,80.09,80.39,78.88,79.73,2715100
VIAB,Viacom Inc. @ NASDAQ,12/10/2013,79.46,80.57,79.43,80.15,2859800
VIAB,Viacom Inc. @ NASDAQ,12/11/2013,80.14,80.68,78.66,78.91,2593146
VIAB,Viacom Inc. @ NASDAQ,12/12/2013,78.69,79.09,78.38,78.6,1777000
VIAB,Viacom Inc. @ NASDAQ,12/13/2013,79.06,79.5,78.75,79.07,1914700
VIAB,Viacom Inc. @ NASDAQ,12/16/2013,79.53,80.04,78.85,79.89,2718000
VIAB,Viacom Inc. @ NASDAQ,12/17/2013,79.85,80.49,79.16,80.09,2512509
VIAB,Viacom Inc. @ NASDAQ,12/18/2013,80.13,81.46,78.76,81.36,3437500
VIAB,Viacom Inc. @ NASDAQ,12/19/2013,81.38,82.52,81.38,81.92,3757300
VIAB,Viacom Inc. @ NASDAQ,12/20/2013,81.86,83.13,81.86,81.95,7198300
VIAB,Viacom Inc. @ NASDAQ,12/23/2013,82.48,83.43,82.05,83.23,2577300
VIAB,Viacom Inc. @ NASDAQ,12/24/2013,83.37,83.61,83.1,83.36,1019000
VIAB,Viacom Inc. @ NASDAQ,12/26/2013,83.54,83.74,83.33,83.59,1685700
VIAB,Viacom Inc. @ NASDAQ,12/27/2013,83.73,83.9,83.05,83.8,1276000
VIAB,Viacom Inc. @ NASDAQ,12/30/2013,83.99,84.91,83.66,84.87,2344100
VIAB,Viacom Inc. @ NASDAQ,12/31/2013,84.98,85.54,84.71,85.05,1971500
VIAB,Viacom Inc. @ NASDAQ,01/02/2014,85.16,85.28,84.42,84.67,1613300
VIAB,Viacom Inc. @ NASDAQ,01/03/2014,84.61,84.91,84.2,84.33,1554200
VIAB,Viacom Inc. @ NASDAQ,01/06/2014,84.85,84.88,83.17,83.48,2331050
VIAB,Viacom Inc. @ NASDAQ,01/07/2014,83.9,84.34,83.62,84.07,1806000
VIAB,Viacom Inc. @ NASDAQ,01/08/2014,83.93,84.65,83.46,84.4,2257400
VIAB,Viacom Inc. @ NASDAQ,01/09/2014,84.79,84.79,83.45,83.75,1422200
VIAB,Viacom Inc. @ NASDAQ,01/10/2014,83.72,84.04,82.36,83.16,2186922
VIAB,Viacom Inc. @ NASDAQ,01/13/2014,83.1,83.94,81.88,82.21,2575200
VIAB,Viacom Inc. @ NASDAQ,01/14/2014,82.25,82.68,81.7,82.41,2246523
VIAB,Viacom Inc. @ NASDAQ,01/15/2014,82.34,82.82,81.85,82.73,2933200
VIAB,Viacom Inc. @ NASDAQ,01/16/2014,82.22,83.08,82.22,82.71,1512700
VIAB,Viacom Inc. @ NASDAQ,01/17/2014,82.06,82.6,80.6,80.9,4233300
VIAB,Viacom Inc. @ NASDAQ,01/21/2014,81.57,81.71,80.1,80.39,2939400
VIAB,Viacom Inc. @ NASDAQ,01/22/2014,80.39,82.18,80.26,82.11,2892100
VIAB,Viacom Inc. @ NASDAQ,01/23/2014,81.35,81.8,80.67,81.33,2464779
VIAB,Viacom Inc. @ NASDAQ,01/24/2014,81.02,81.02,79.1,79.28,2710351
VIAB,Viacom Inc. @ NASDAQ,01/27/2014,79.23,79.84,78.5,78.92,2893712
VIAB,Viacom Inc. @ NASDAQ,01/28/2014,78.52,80.15,78.52,80.1,2493200
VIAB,Viacom Inc. @ NASDAQ,01/29/2014,79.25,79.71,78.7,78.85,3424700
VIAB,Viacom Inc. @ NASDAQ,01/30/2014,80.83,83.09,80.35,81.81,5672600
VIAB,Viacom Inc. @ NASDAQ,01/31/2014,79.93,80.91,79.23,79.95,6061200
VIAB,Viacom Inc. @ NASDAQ,02/03/2014,80,80.03,76.6,76.74,4095909
VIAB,Viacom Inc. @ NASDAQ,02/04/2014,77.23,78.04,76.62,77.53,3360310
VIAB,Viacom Inc. @ NASDAQ,02/05/2014,77.08,78,76.37,77.86,2582200
VIAB,Viacom Inc. @ NASDAQ,02/06/2014,77.78,79.18,77.52,78.61,1882900
VIAB,Viacom Inc. @ NASDAQ,02/07/2014,78.93,80.04,78.6,79.77,2104513
VIAB,Viacom Inc. @ NASDAQ,02/10/2014,79.92,80.45,79.7,80.41,1775500
VIAB,Viacom Inc. @ NASDAQ,02/11/2014,80.64,81.27,80.34,80.99,2127000
VIAB,Viacom Inc. @ NASDAQ,02/12/2014,81.39,82.08,81.15,82.06,2362400
VIAB,Viacom Inc. @ NASDAQ,02/13/2014,81.27,83.25,81.27,82.49,3183800
VIAB,Viacom Inc. @ NASDAQ,02/14/2014,82.21,84.08,82.2,83.24,2115470
VIAB,Viacom Inc. @ NASDAQ,02/18/2014,83.48,83.98,82.49,83.5,1960800
VIAB,Viacom Inc. @ NASDAQ,02/19/2014,83.21,84.41,83.21,83.77,2023700
VIAB,Viacom Inc. @ NASDAQ,02/20/2014,85.86,85.86,83.63,84.24,1782900
VIAB,Viacom Inc. @ NASDAQ,02/21/2014,85.01,85.07,84.2,84.58,1759300
VIAB,Viacom Inc. @ NASDAQ,02/24/2014,84.64,85.82,84.33,84.7,2444500
VIAB,Viacom Inc. @ NASDAQ,02/25/2014,84.92,85.33,83.88,84.17,1898586
VIAB,Viacom Inc. @ NASDAQ,02/26/2014,84.49,84.8,83.43,83.88,1978000
VIAB,Viacom Inc. @ NASDAQ,02/27/2014,83.83,84.76,83.54,84.58,2130900
VIAB,Viacom Inc. @ NASDAQ,02/28/2014,84.73,86.15,84.24,85.43,3059100
VIAB,Viacom Inc. @ NASDAQ,03/03/2014,85.04,85.08,83.09,83.65,2857200
VIAB,Viacom Inc. @ NASDAQ,03/04/2014,84.52,85.13,84.29,84.66,2429600
VIAB,Viacom Inc. @ NASDAQ,03/05/2014,85.1,85.22,84.04,84.85,1979800
VIAB,Viacom Inc. @ NASDAQ,03/06/2014,84.63,86.03,84.61,85.66,2353800
VIAB,Viacom Inc. @ NASDAQ,03/07/2014,86.12,86.71,85.61,85.96,2412200
VIAB,Viacom Inc. @ NASDAQ,03/10/2014,85.69,86.6,84.78,86.57,2856300
VIAB,Viacom Inc. @ NASDAQ,03/11/2014,86.63,86.9,85.51,85.91,2526600
VIAB,Viacom Inc. @ NASDAQ,03/12/2014,85.2,86.22,84.89,86.18,2210100
VIAB,Viacom Inc. @ NASDAQ,03/13/2014,86.53,86.83,84.85,85.11,1950515
VIAB,Viacom Inc. @ NASDAQ,03/14/2014,84.78,85.85,84.78,85.09,2372800
VIAB,Viacom Inc. @ NASDAQ,03/17/2014,85.99,86.64,85.69,86.22,1665000
VIAB,Viacom Inc. @ NASDAQ,03/18/2014,86.56,87.13,85.77,86.39,1762294
VIAB,Viacom Inc. @ NASDAQ,03/19/2014,86.53,86.89,85.45,85.84,1832139
VIAB,Viacom Inc. @ NASDAQ,03/20/2014,85.69,86.12,84.85,85.52,1823529
VIAB,Viacom Inc. @ NASDAQ,03/21/2014,86.65,87.23,84.93,85.04,4107700
VIAB,Viacom Inc. @ NASDAQ,03/24/2014,84.89,85.26,83.06,83.9,2600184
VIAB,Viacom Inc. @ NASDAQ,03/25/2014,83.98,84.3,82.48,83.47,2906700
VIAB,Viacom Inc. @ NASDAQ,03/26/2014,83.92,84.11,82.7,82.73,2336300
VIAB,Viacom Inc. @ NASDAQ,03/27/2014,82.53,82.79,81.51,82.08,2331400
VIAB,Viacom Inc. @ NASDAQ,03/28/2014,81.97,83.44,81.91,82.75,2014600
VIAB,Viacom Inc. @ NASDAQ,03/31/2014,83.25,83.71,83.01,83.05,1660600
VIAB,Viacom Inc. @ NASDAQ,04/01/2014,84.07,84.78,83.73,84.74,2740836
VIAB,Viacom Inc. @ NASDAQ,04/02/2014,85.43,85.85,84.57,85.37,3017300
VIAB,Viacom Inc. @ NASDAQ,04/03/2014,85.72,86.02,84.79,85.17,2039200
VIAB,Viacom Inc. @ NASDAQ,04/04/2014,85.41,85.74,82.55,82.8,2801500
VIAB,Viacom Inc. @ NASDAQ,04/07/2014,82.6,82.93,80.08,80.88,2996600
VIAB,Viacom Inc. @ NASDAQ,04/08/2014,80.78,81.94,80.25,81.72,3938700
VIAB,Viacom Inc. @ NASDAQ,04/09/2014,81.82,84.03,81.82,83.92,2375500
VIAB,Viacom Inc. @ NASDAQ,04/10/2014,83.75,83.82,80.91,80.93,2434435
VIAB,Viacom Inc. @ NASDAQ,04/11/2014,80.34,81.21,79.79,80.07,2263500
VIAB,Viacom Inc. @ NASDAQ,04/14/2014,80.92,81.56,79.8,80.84,2082200
VIAB,Viacom Inc. @ NASDAQ,04/15/2014,81.16,81.24,79.33,80.36,2275466
VIAB,Viacom Inc. @ NASDAQ,04/16/2014,81.66,82.08,80.89,81.35,2233200
VIAB,Viacom Inc. @ NASDAQ,04/17/2014,80.95,82.5,80.9,82.13,2097800
VIAB,Viacom Inc. @ NASDAQ,04/21/2014,82.13,82.41,81.65,82.37,1089100
VIAB,Viacom Inc. @ NASDAQ,04/22/2014,82.37,82.73,81.67,82.09,1335200
VIAB,Viacom Inc. @ NASDAQ,04/23/2014,82.17,82.69,81.94,82.42,1601500
VIAB,Viacom Inc. @ NASDAQ,04/24/2014,83.71,83.71,82.09,82.9,1347971
VIAB,Viacom Inc. @ NASDAQ,04/25/2014,82.45,82.81,81.29,81.53,1446100
VIAB,Viacom Inc. @ NASDAQ,04/28/2014,82.21,82.81,80.68,81.85,2250000
VIAB,Viacom Inc. @ NASDAQ,04/29/2014,82.81,82.81,81.31,81.79,1842900
VIAB,Viacom Inc. @ NASDAQ,04/30/2014,81.35,83.91,81.08,83.04,3609648
VIAB,Viacom Inc. @ NASDAQ,05/01/2014,81.35,82.69,80.62,81.59,3736300
VIAB,Viacom Inc. @ NASDAQ,05/02/2014,81.91,82.7,81.3,82.22,1846600
VIAB,Viacom Inc. @ NASDAQ,05/05/2014,81.42,82.66,81.12,82.31,1623200
VIAB,Viacom Inc. @ NASDAQ,05/06/2014,82.18,82.48,81.17,81.25,1571300
VIAB,Viacom Inc. @ NASDAQ,05/07/2014,81.39,81.81,80.81,81.34,1973800
VIAB,Viacom Inc. @ NASDAQ,05/08/2014,81.33,82.91,81.32,81.94,1740239
VIAB,Viacom Inc. @ NASDAQ,05/09/2014,81.73,82.05,80.82,81.47,1876200
VIAB,Viacom Inc. @ NASDAQ,05/12/2014,82.03,83.01,82.02,82.63,2344500
VIAB,Viacom Inc. @ NASDAQ,05/13/2014,82.46,83.05,81.37,81.78,1876200
VIAB,Viacom Inc. @ NASDAQ,05/14/2014,81.58,82.02,80.97,81.23,2239800
VIAB,Viacom Inc. @ NASDAQ,05/15/2014,80.96,81.42,79.88,81.16,2166200
VIAB,Viacom Inc. @ NASDAQ,05/16/2014,81.49,81.95,80.46,81.91,2821900
VIAB,Viacom Inc. @ NASDAQ,05/19/2014,81.7,82.59,81.15,82.32,1843900
VIAB,Viacom Inc. @ NASDAQ,05/20/2014,81.92,82.36,80.9,81.38,2133600
VIAB,Viacom Inc. @ NASDAQ,05/21/2014,81.68,82.77,81.38,82.53,1867300
VIAB,Viacom Inc. @ NASDAQ,05/22/2014,82.54,83.3,82.34,82.73,1614600
VIAB,Viacom Inc. @ NASDAQ,05/23/2014,82.15,83.68,82.15,83.05,2412600
VIAB,Viacom Inc. @ NASDAQ,05/27/2014,83.15,83.93,83.15,83.4,1591900
VIAB,Viacom Inc. @ NASDAQ,05/28/2014,83.14,84.04,82.81,83.65,2074400
VIAB,Viacom Inc. @ NASDAQ,05/29/2014,83.94,84.15,83.42,83.66,1803000
VIAB,Viacom Inc. @ NASDAQ,05/30/2014,83.85,83.97,83.06,83.38,2135400
VIAB,Viacom Inc. @ NASDAQ,06/02/2014,83.47,84.74,83.41,84.72,1730700
VIAB,Viacom Inc. @ NASDAQ,06/03/2014,84.68,85.21,84.22,85.11,1887500
VIAB,Viacom Inc. @ NASDAQ,06/04/2014,84.57,85.25,84.57,85.01,1042500
VIAB,Viacom Inc. @ NASDAQ,06/05/2014,84.9,85.75,84.45,85.48,1626600
VIAB,Viacom Inc. @ NASDAQ,06/06/2014,85.91,85.93,85.28,85.65,1443900
VIAB,Viacom Inc. @ NASDAQ,06/09/2014,85.62,86.48,85.54,85.84,1344800
VIAB,Viacom Inc. @ NASDAQ,06/10/2014,85.58,85.94,84.84,85.37,1769100
VIAB,Viacom Inc. @ NASDAQ,06/11/2014,84.72,85.54,84.72,84.94,1696500
VIAB,Viacom Inc. @ NASDAQ,06/12/2014,84.81,84.93,83.88,84.3,1932100
VIAB,Viacom Inc. @ NASDAQ,06/13/2014,84.44,84.63,83.7,84.26,1263500
VIAB,Viacom Inc. @ NASDAQ,06/16/2014,84.02,85.09,83.96,84.81,1767600
VIAB,Viacom Inc. @ NASDAQ,06/17/2014,84.57,85.07,84.25,84.69,1416800
VIAB,Viacom Inc. @ NASDAQ,06/18/2014,84.84,85.42,84.26,85.33,1859700
VIAB,Viacom Inc. @ NASDAQ,06/19/2014,85.87,85.94,85.16,85.33,1834000
VIAB,Viacom Inc. @ NASDAQ,06/20/2014,85.69,85.69,83.94,84.12,4262100
VIAB,Viacom Inc. @ NASDAQ,06/23/2014,84.3,84.35,83.67,83.78,1325800
VIAB,Viacom Inc. @ NASDAQ,06/24/2014,83.62,84.35,83.42,83.49,1482400
VIAB,Viacom Inc. @ NASDAQ,06/25/2014,82.78,84.3,82.77,83.43,3042300
VIAB,Viacom Inc. @ NASDAQ,06/26/2014,83.37,83.85,82.68,83.79,1501000
VIAB,Viacom Inc. @ NASDAQ,06/27/2014,83.55,84.86,83.33,84.71,2728800
VIAB,Viacom Inc. @ NASDAQ,06/30/2014,84.75,85.36,84.54,85.07,2181700
VIAB,Viacom Inc. @ NASDAQ,07/01/2014,85.21,85.49,84.79,85.18,1860900
VIAB,Viacom Inc. @ NASDAQ,07/02/2014,84.6,85.96,84.46,85.65,1356700
VIAB,Viacom Inc. @ NASDAQ,07/03/2014,85.69,86.29,85.36,85.8,1030244
VIAB,Viacom Inc. @ NASDAQ,07/07/2014,85.79,85.91,85.37,85.6,1013700
VIAB,Viacom Inc. @ NASDAQ,07/08/2014,85.42,85.68,84.86,84.99,1679800
VIAB,Viacom Inc. @ NASDAQ,07/09/2014,84.69,85.02,83.93,84.85,3231000
VIAB,Viacom Inc. @ NASDAQ,07/10/2014,84.35,85.27,83.98,84.64,2229800
VIAB,Viacom Inc. @ NASDAQ,07/11/2014,84.66,84.82,83.38,83.73,2722104
VIAB,Viacom Inc. @ NASDAQ,07/14/2014,84.16,84.31,83.35,83.4,2393600
VIAB,Viacom Inc. @ NASDAQ,07/15/2014,83.4,83.74,82.86,82.98,2502500
VIAB,Viacom Inc. @ NASDAQ,07/16/2014,85.33,88.04,85.31,85.69,6800600
VIAB,Viacom Inc. @ NASDAQ,07/17/2014,85.34,87.21,85.34,85.96,3613900
VIAB,Viacom Inc. @ NASDAQ,07/18/2014,86.31,86.72,85.83,86.67,2938000
VIAB,Viacom Inc. @ NASDAQ,07/21/2014,86.16,86.31,85.41,85.63,1659700
VIAB,Viacom Inc. @ NASDAQ,07/22/2014,85.98,86.19,85.37,85.43,1661400
VIAB,Viacom Inc. @ NASDAQ,07/23/2014,85.45,85.45,83.49,84.12,2828000
VIAB,Viacom Inc. @ NASDAQ,07/24/2014,84.31,84.41,83.85,83.98,3093800
VIAB,Viacom Inc. @ NASDAQ,07/25/2014,84.04,84.54,83.73,84.49,1846400
VIAB,Viacom Inc. @ NASDAQ,07/28/2014,84.23,84.55,83.69,84.33,1774300
VIAB,Viacom Inc. @ NASDAQ,07/29/2014,84.35,84.84,83.86,83.87,1560700
VIAB,Viacom Inc. @ NASDAQ,07/30/2014,84.21,84.69,83.11,83.26,2849500
VIAB,Viacom Inc. @ NASDAQ,07/31/2014,82.63,83.24,81.06,81.08,2816500
VIAB,Viacom Inc. @ NASDAQ,08/01/2014,81.22,81.47,80.5,80.67,2651200
VIAB,Viacom Inc. @ NASDAQ,08/04/2014,80.67,81.14,80.35,80.81,3404048
VIAB,Viacom Inc. @ NASDAQ,08/05/2014,80.08,80.89,79.84,80.2,2702196
VIAB,Viacom Inc. @ NASDAQ,08/06/2014,79.67,79.75,78.19,78.77,4975700
VIAB,Viacom Inc. @ NASDAQ,08/07/2014,78.52,79.54,77.75,78.2,3671900
VIAB,Viacom Inc. @ NASDAQ,08/08/2014,78.53,79.09,78.25,78.9,2783300
VIAB,Viacom Inc. @ NASDAQ,08/11/2014,79.02,79.69,78.93,79.53,2784907
VIAB,Viacom Inc. @ NASDAQ,08/12/2014,79.62,79.62,78.5,78.84,1996285
VIAB,Viacom Inc. @ NASDAQ,08/13/2014,78.87,79.56,78.51,78.7,2131400
VIAB,Viacom Inc. @ NASDAQ,08/14/2014,78.68,79.37,78.68,79.27,1678200
VIAB,Viacom Inc. @ NASDAQ,08/15/2014,79.42,79.99,79.22,79.92,3453100
VIAB,Viacom Inc. @ NASDAQ,08/18/2014,80.25,80.67,80.17,80.57,1570400
VIAB,Viacom Inc. @ NASDAQ,08/19/2014,80.62,80.65,79.63,79.66,3041900
VIAB,Viacom Inc. @ NASDAQ,08/20/2014,79.67,80.05,79.51,79.67,2003700
VIAB,Viacom Inc. @ NASDAQ,08/21/2014,79.52,79.76,79.09,79.2,2221400
VIAB,Viacom Inc. @ NASDAQ,08/22/2014,79.5,79.5,78.96,79.15,1840900
VIAB,Viacom Inc. @ NASDAQ,08/25/2014,79.45,79.56,78.85,78.97,1869000
VIAB,Viacom Inc. @ NASDAQ,08/26/2014,79,79.27,78.71,78.9,1291600
VIAB,Viacom Inc. @ NASDAQ,08/27/2014,78.78,79.28,78.78,79.26,1420000
VIAB,Viacom Inc. @ NASDAQ,08/28/2014,78.94,79.65,78.92,79.22,1621313
VIAB,Viacom Inc. @ NASDAQ,08/29/2014,79.63,79.63,78.79,79.59,1936200
VIAB,Viacom Inc. @ NASDAQ,09/02/2014,79.59,80.22,79.59,79.9,3292600
VIAB,Viacom Inc. @ NASDAQ,09/03/2014,79.92,80.42,79.3,79.31,2240900
VIAB,Viacom Inc. @ NASDAQ,09/04/2014,79.37,79.98,79.34,79.54,1841800
VIAB,Viacom Inc. @ NASDAQ,09/05/2014,79.34,79.83,79.21,79.8,2472600
VIAB,Viacom Inc. @ NASDAQ,09/08/2014,79.73,79.75,78.98,79.32,1782300
VIAB,Viacom Inc. @ NASDAQ,09/09/2014,79.12,79.36,77.54,77.68,3075000
VIAB,Viacom Inc. @ NASDAQ,09/10/2014,77.6,79.01,77.32,78.7,3052400
VIAB,Viacom Inc. @ NASDAQ,09/11/2014,78.61,78.96,78.26,78.71,2169215
VIAB,Viacom Inc. @ NASDAQ,09/12/2014,78.57,78.72,77.91,78.32,2592800
VIAB,Viacom Inc. @ NASDAQ,09/15/2014,78.06,78.39,77.9,78.08,2224800
VIAB,Viacom Inc. @ NASDAQ,09/16/2014,78.19,79.21,77.98,78.79,2222900
VIAB,Viacom Inc. @ NASDAQ,09/17/2014,78.93,78.96,78.07,78.28,2211900
VIAB,Viacom Inc. @ NASDAQ,09/18/2014,78.68,79.31,78.18,79.24,2273600
VIAB,Viacom Inc. @ NASDAQ,09/19/2014,79.76,80,79.35,79.65,6025300
VIAB,Viacom Inc. @ NASDAQ,09/22/2014,79.31,79.63,78.14,78.22,2683200
VIAB,Viacom Inc. @ NASDAQ,09/23/2014,78.07,78.21,76.27,76.34,4451996
VIAB,Viacom Inc. @ NASDAQ,09/24/2014,76.82,77.13,75.7,76.95,3656600
VIAB,Viacom Inc. @ NASDAQ,09/25/2014,76.92,77.21,75.76,75.81,1974200
VIAB,Viacom Inc. @ NASDAQ,09/26/2014,75.7,76.31,75.49,76,1997143
VIAB,Viacom Inc. @ NASDAQ,09/29/2014,75.47,76.03,75.36,75.66,1642400
VIAB,Viacom Inc. @ NASDAQ,09/30/2014,75.7,76.41,75.48,75.78,2236400
VIAB,Viacom Inc. @ NASDAQ,10/01/2014,75.51,75.63,73.89,74.08,2907184
VIAB,Viacom Inc. @ NASDAQ,10/02/2014,73.78,74.16,72.12,73.47,3345359
VIAB,Viacom Inc. @ NASDAQ,10/03/2014,73.62,74.75,73.49,73.95,2833037
VIAB,Viacom Inc. @ NASDAQ,10/06/2014,74.27,74.39,73.38,73.42,2018863
VIAB,Viacom Inc. @ NASDAQ,10/07/2014,73.12,73.48,72.66,72.66,2123303
VIAB,Viacom Inc. @ NASDAQ,10/08/2014,72.56,73.64,71.99,73.48,2617801
VIAB,Viacom Inc. @ NASDAQ,10/09/2014,73.22,73.36,70.7,70.97,3072820
VIAB,Viacom Inc. @ NASDAQ,10/10/2014,70.81,71.68,69.34,69.37,3492516
VIAB,Viacom Inc. @ NASDAQ,10/13/2014,69.08,69.43,67.15,67.19,3937136
VIAB,Viacom Inc. @ NASDAQ,10/14/2014,67.84,68.7,67.41,67.94,3367936
VIAB,Viacom Inc. @ NASDAQ,10/15/2014,66.97,68.11,65.76,67.17,5115200
VIAB,Viacom Inc. @ NASDAQ,10/16/2014,64.93,67.54,64.86,67.2,4682613
VIAB,Viacom Inc. @ NASDAQ,10/17/2014,68.85,69.02,67.58,68.26,2530800
VIAB,Viacom Inc. @ NASDAQ,10/20/2014,68.1,68.75,67.52,67.96,3456000
VIAB,Viacom Inc. @ NASDAQ,10/21/2014,68.37,71.12,68.17,70.75,3781800
VIAB,Viacom Inc. @ NASDAQ,10/22/2014,70.88,71.17,69.33,69.36,3230800
VIAB,Viacom Inc. @ NASDAQ,10/23/2014,69.85,70.78,69.51,70.39,2587300
VIAB,Viacom Inc. @ NASDAQ,10/24/2014,70.54,70.75,69.99,70.53,1841900
VIAB,Viacom Inc. @ NASDAQ,10/27/2014,70.44,71.34,69.93,70.8,3112000
VIAB,Viacom Inc. @ NASDAQ,10/28/2014,71.15,71.9,70.87,71.83,2507000
VIAB,Viacom Inc. @ NASDAQ,10/29/2014,71.77,72.44,71.39,71.9,2795066
VIAB,Viacom Inc. @ NASDAQ,10/30/2014,71.59,71.79,70.88,71.62,3203100
VIAB,Viacom Inc. @ NASDAQ,10/31/2014,72.42,72.96,71.58,71.58,2698900
VIAB,Viacom Inc. @ NASDAQ,11/03/2014,71.57,71.79,71.32,71.73,2960300
VIAB,Viacom Inc. @ NASDAQ,11/04/2014,71.36,71.38,68.53,68.58,4583400
VIAB,Viacom Inc. @ NASDAQ,11/05/2014,69.07,69.45,67.71,69.41,4022100
VIAB,Viacom Inc. @ NASDAQ,11/06/2014,69.57,70.06,69.3,69.72,3139100
VIAB,Viacom Inc. @ NASDAQ,11/07/2014,69.89,70.06,68.86,69.56,3054400
VIAB,Viacom Inc. @ NASDAQ,11/10/2014,69.44,69.8,68.82,69.03,3835200
VIAB,Viacom Inc. @ NASDAQ,11/11/2014,68.96,69.35,68.19,68.48,3026888
VIAB,Viacom Inc. @ NASDAQ,11/12/2014,67.74,68.99,67.56,68.2,4113800
VIAB,Viacom Inc. @ NASDAQ,11/13/2014,68.88,71.85,68.75,70.12,6310300
VIAB,Viacom Inc. @ NASDAQ,11/14/2014,70.31,72.05,69.71,71.86,4958100
VIAB,Viacom Inc. @ NASDAQ,11/17/2014,71.88,73.63,71.82,72.98,5636700
VIAB,Viacom Inc. @ NASDAQ,11/18/2014,72.92,73.2,72.38,72.63,3397900
VIAB,Viacom Inc. @ NASDAQ,11/19/2014,72.57,72.57,71.81,72.37,4267800
VIAB,Viacom Inc. @ NASDAQ,11/20/2014,72.3,73.14,71.83,72.68,3002300
VIAB,Viacom Inc. @ NASDAQ,11/21/2014,73.81,73.81,72.18,72.6,4088600
VIAB,Viacom Inc. @ NASDAQ,11/24/2014,72.82,73.44,72.62,73.37,3661200
VIAB,Viacom Inc. @ NASDAQ,11/25/2014,73.37,74.29,73.27,73.82,4283600
VIAB,Viacom Inc. @ NASDAQ,11/26/2014,73.73,74.6,73.46,74.09,2810586
VIAB,Viacom Inc. @ NASDAQ,11/28/2014,74.44,74.63,74.1,74.49,1267500
VIAB,Viacom Inc. @ NASDAQ,12/01/2014,74.22,74.39,72.82,73.04,3775386
VIAB,Viacom Inc. @ NASDAQ,12/02/2014,73.18,73.65,72.98,73.02,3129565
VIAB,Viacom Inc. @ NASDAQ,12/03/2014,72.91,73.97,72.65,73.91,4591103
VIAB,Viacom Inc. @ NASDAQ,12/04/2014,73.75,74.06,72.3,73.61,5174300
VIAB,Viacom Inc. @ NASDAQ,12/05/2014,73.75,76.82,73.55,75.74,6836600
VIAB,Viacom Inc. @ NASDAQ,12/08/2014,75.4,75.63,73.48,73.97,3052961
VIAB,Viacom Inc. @ NASDAQ,12/09/2014,73.16,73.63,72.4,73.48,2375742
VIAB,Viacom Inc. @ NASDAQ,12/10/2014,73.08,73.11,71.72,71.9,2728127
VIAB,Viacom Inc. @ NASDAQ,12/11/2014,72.46,72.88,71.82,72.19,2365616
VIAB,Viacom Inc. @ NASDAQ,12/12/2014,71.37,73.13,71.37,72.18,3476164
VIAB,Viacom Inc. @ NASDAQ,12/15/2014,72.58,73.25,71.69,72.3,4443239
VIAB,Viacom Inc. @ NASDAQ,12/16/2014,72.11,73.08,71.49,71.49,4397127
VIAB,Viacom Inc. @ NASDAQ,12/17/2014,71.64,73.02,71.64,72.79,3162013
VIAB,Viacom Inc. @ NASDAQ,12/18/2014,74.01,75.02,73.57,74.93,3413440
VIAB,Viacom Inc. @ NASDAQ,12/19/2014,74.81,75.4,74.57,75.11,5831769
VIAB,Viacom Inc. @ NASDAQ,12/22/2014,75.15,75.58,74.82,75.57,2114436
VIAB,Viacom Inc. @ NASDAQ,12/23/2014,76.02,77.06,75.76,76.45,2532824
VIAB,Viacom Inc. @ NASDAQ,12/24/2014,76.76,77.01,75.96,76.07,1150400
VIAB,Viacom Inc. @ NASDAQ,12/26/2014,76.17,76.41,75.69,76.09,1435903
VIAB,Viacom Inc. @ NASDAQ,12/29/2014,75.92,76.67,75.72,76.06,2167719
VIAB,Viacom Inc. @ NASDAQ,12/30/2014,75.93,76.21,75.57,75.58,1544013
VIAB,Viacom Inc. @ NASDAQ,12/31/2014,76.01,76.14,74.4,74.45,2740400
VIAB,Viacom Inc. @ NASDAQ,01/02/2015,75.02,75.48,73.97,74.6,1975837
VIAB,Viacom Inc. @ NASDAQ,01/05/2015,74,74.28,72.33,72.52,3142907
VIAB,Viacom Inc. @ NASDAQ,01/06/2015,72.68,72.68,70.92,71.08,3568991
VIAB,Viacom Inc. @ NASDAQ,01/07/2015,71.58,71.62,70.12,70.54,3639112
VIAB,Viacom Inc. @ NASDAQ,01/08/2015,70.96,71.84,70.81,71.52,3710929
VIAB,Viacom Inc. @ NASDAQ,01/09/2015,71.7,71.91,70.45,70.91,2906700
VIAB,Viacom Inc. @ NASDAQ,01/12/2015,71.06,71.98,70.43,71.63,2981735
VIAB,Viacom Inc. @ NASDAQ,01/13/2015,72.31,73.38,71.38,71.86,3169162
VIAB,Viacom Inc. @ NASDAQ,01/14/2015,70.52,70.52,66.52,67.08,9048200
VIAB,Viacom Inc. @ NASDAQ,01/15/2015,67.37,67.52,65.03,65.77,8232368
VIAB,Viacom Inc. @ NASDAQ,01/16/2015,66.1,67.76,66.04,67.34,5164186
VIAB,Viacom Inc. @ NASDAQ,01/20/2015,67.16,67.16,64.1,65.65,5429378
VIAB,Viacom Inc. @ NASDAQ,01/21/2015,65.65,66.83,65.47,66.76,3366266
VIAB,Viacom Inc. @ NASDAQ,01/22/2015,67.16,68,66.8,67.88,2811154
VIAB,Viacom Inc. @ NASDAQ,01/23/2015,67.57,68.01,66.97,67.08,2173152
VIAB,Viacom Inc. @ NASDAQ,01/26/2015,66.76,67.08,66.27,66.76,2311828
VIAB,Viacom Inc. @ NASDAQ,01/27/2015,65.86,66.8,65.4,66.42,2718168
VIAB,Viacom Inc. @ NASDAQ,01/28/2015,66.56,67.07,65.45,65.79,4338859
VIAB,Viacom Inc. @ NASDAQ,01/29/2015,66.13,67.05,64.25,66.77,5472614
VIAB,Viacom Inc. @ NASDAQ,01/30/2015,65.79,65.84,63.52,63.73,5959176
VIAB,Viacom Inc. @ NASDAQ,02/02/2015,63.78,64.45,62.44,64.44,5749516
VIAB,Viacom Inc. @ NASDAQ,02/03/2015,64.69,66.22,64.54,66.06,5533931
VIAB,Viacom Inc. @ NASDAQ,02/04/2015,66.17,66.46,64.85,65.38,4305114
VIAB,Viacom Inc. @ NASDAQ,02/05/2015,65.54,65.68,64.7,65.54,4114161
VIAB,Viacom Inc. @ NASDAQ,02/06/2015,65.47,66.95,65.27,66.36,5344112
VIAB,Viacom Inc. @ NASDAQ,02/09/2015,66.05,67.83,66.05,67.51,3667462
VIAB,Viacom Inc. @ NASDAQ,02/10/2015,68.1,68.24,66.57,67.41,2513635
VIAB,Viacom Inc. @ NASDAQ,02/11/2015,66.97,67.12,65.97,66.43,3625611
VIAB,Viacom Inc. @ NASDAQ,02/12/2015,66.78,67.32,65.63,66.99,2569261
VIAB,Viacom Inc. @ NASDAQ,02/13/2015,67.22,68.43,67.04,68.25,3086700
VIAB,Viacom Inc. @ NASDAQ,02/17/2015,68.14,68.83,67.6,68.6,2214972
VIAB,Viacom Inc. @ NASDAQ,02/18/2015,68.6,68.8,67.29,67.36,2702595
VIAB,Viacom Inc. @ NASDAQ,02/19/2015,67.43,68.76,67.05,68.57,2845171
VIAB,Viacom Inc. @ NASDAQ,02/20/2015,68.56,69.03,67.66,68.97,2313667
VIAB,Viacom Inc. @ NASDAQ,02/23/2015,68.7,69.61,68.39,69.57,4257700
VIAB,Viacom Inc. @ NASDAQ,02/24/2015,69.62,70.24,69.25,70.17,3406200
VIAB,Viacom Inc. @ NASDAQ,02/25/2015,70.09,70.51,69.09,69.6,3806588
VIAB,Viacom Inc. @ NASDAQ,02/26/2015,69.39,69.79,68.17,68.87,3787282
VIAB,Viacom Inc. @ NASDAQ,02/27/2015,69.46,70.05,68.85,69.19,4442975
VIAB,Viacom Inc. @ NASDAQ,03/02/2015,69.25,70.08,69.13,70,3023450
VIAB,Viacom Inc. @ NASDAQ,03/03/2015,69.88,71.12,69.75,70.72,3358281
VIAB,Viacom Inc. @ NASDAQ,03/04/2015,70.72,70.73,69.37,70.11,3452138
VIAB,Viacom Inc. @ NASDAQ,03/05/2015,70.45,70.45,69.22,69.59,2441700
VIAB,Viacom Inc. @ NASDAQ,03/06/2015,69.22,70.23,69.19,69.57,2702909
VIAB,Viacom Inc. @ NASDAQ,03/09/2015,69.49,71.22,69.25,70.52,3659148
VIAB,Viacom Inc. @ NASDAQ,03/10/2015,70.06,70.27,69.08,69.11,3892800
VIAB,Viacom Inc. @ NASDAQ,03/11/2015,69.03,69.36,68.45,68.71,2317649
VIAB,Viacom Inc. @ NASDAQ,03/12/2015,68.89,69.6,68.23,69.29,2911949
VIAB,Viacom Inc. @ NASDAQ,03/13/2015,69.02,69.52,67.36,67.72,4093986
VIAB,Viacom Inc. @ NASDAQ,03/16/2015,68.18,69.11,67.8,68.91,3435321
VIAB,Viacom Inc. @ NASDAQ,03/17/2015,68.4,68.75,67.91,68.39,3313021
VIAB,Viacom Inc. @ NASDAQ,03/18/2015,68.3,68.64,67.46,68.46,3991900
VIAB,Viacom Inc. @ NASDAQ,03/19/2015,68.43,68.87,68.08,68.4,2519530
VIAB,Viacom Inc. @ NASDAQ,03/20/2015,68.72,69.78,68.47,69.34,5250451
VIAB,Viacom Inc. @ NASDAQ,03/23/2015,69.55,70.58,66.53,69.98,3360685
VIAB,Viacom Inc. @ NASDAQ,03/24/2015,69.74,70.04,68.65,68.66,3127584
VIAB,Viacom Inc. @ NASDAQ,03/25/2015,68.59,68.8,67.33,67.33,3114036
VIAB,Viacom Inc. @ NASDAQ,03/26/2015,67,67.31,66.4,66.85,2695192
VIAB,Viacom Inc. @ NASDAQ,03/27/2015,66.98,67.58,66.84,67.45,2021848
VIAB,Viacom Inc. @ NASDAQ,03/30/2015,67.76,68.55,67.62,67.73,1909900
VIAB,Viacom Inc. @ NASDAQ,03/31/2015,67.47,68.63,67.18,67.89,2905725
VIAB,Viacom Inc. @ NASDAQ,04/01/2015,67.29,68.1,65.41,66.91,4556381
VIAB,Viacom Inc. @ NASDAQ,04/02/2015,66.97,67.55,66.59,67.19,2389850
VIAB,Viacom Inc. @ NASDAQ,04/06/2015,66.74,68.23,66.61,68.19,2502100
VIAB,Viacom Inc. @ NASDAQ,04/07/2015,67.51,68.31,66.59,66.88,5375576
VIAB,Viacom Inc. @ NASDAQ,04/08/2015,67.23,68.45,66.91,67.82,3264500
VIAB,Viacom Inc. @ NASDAQ,04/09/2015,67.29,69,67.23,68.91,2515711
VIAB,Viacom Inc. @ NASDAQ,04/10/2015,69.18,69.25,68.74,68.86,2029135
VIAB,Viacom Inc. @ NASDAQ,04/13/2015,69.3,70.02,68.72,69.13,4148997
VIAB,Viacom Inc. @ NASDAQ,04/14/2015,68.96,69.58,68.46,69.2,1798000
VIAB,Viacom Inc. @ NASDAQ,04/15/2015,69.14,70.42,69.14,70.03,2903095
VIAB,Viacom Inc. @ NASDAQ,04/16/2015,69.72,70.77,69.67,70.49,2495000
VIAB,Viacom Inc. @ NASDAQ,04/17/2015,69.8,70.08,68.36,68.73,3586706
VIAB,Viacom Inc. @ NASDAQ,04/20/2015,69.06,70.08,68.88,69.93,1877739
VIAB,Viacom Inc. @ NASDAQ,04/21/2015,70.12,70.42,69.67,69.97,2311875
VIAB,Viacom Inc. @ NASDAQ,04/22/2015,70.04,70.28,69.31,70,1199500
VIAB,Viacom Inc. @ NASDAQ,04/23/2015,69.76,70.95,69.56,70.28,2565400
VIAB,Viacom Inc. @ NASDAQ,04/24/2015,70.37,70.63,69.74,70.32,1973800
VIAB,Viacom Inc. @ NASDAQ,04/27/2015,70.32,70.76,69.44,69.53,2528724
VIAB,Viacom Inc. @ NASDAQ,04/28/2015,70.56,70.99,70.15,70.89,3418826
VIAB,Viacom Inc. @ NASDAQ,04/29/2015,70.78,71.9,70.47,71.81,4045357
VIAB,Viacom Inc. @ NASDAQ,04/30/2015,71.24,73.08,68.21,69.04,6690712
VIAB,Viacom Inc. @ NASDAQ,05/01/2015,69.35,69.7,67.9,68.76,3458400
VIAB,Viacom Inc. @ NASDAQ,05/04/2015,69.13,69.8,68.65,69.41,1918146
VIAB,Viacom Inc. @ NASDAQ,05/05/2015,69.49,70.29,68.4,68.47,2382659
VIAB,Viacom Inc. @ NASDAQ,05/06/2015,68.97,69.25,66.89,67.36,2345983
VIAB,Viacom Inc. @ NASDAQ,05/07/2015,67.11,67.58,65.9,66.28,4378350
VIAB,Viacom Inc. @ NASDAQ,05/08/2015,67.04,67.22,65.67,66.04,3944533
VIAB,Viacom Inc. @ NASDAQ,05/11/2015,66.13,66.13,65,65.04,3518168
VIAB,Viacom Inc. @ NASDAQ,05/12/2015,64.84,64.96,63.6,64.1,5411409
VIAB,Viacom Inc. @ NASDAQ,05/13/2015,64.16,64.5,63.73,64.01,2600703
VIAB,Viacom Inc. @ NASDAQ,05/14/2015,64.41,64.74,63.94,64.71,1975800
VIAB,Viacom Inc. @ NASDAQ,05/15/2015,64.69,65.25,64.69,65.18,2277757
VIAB,Viacom Inc. @ NASDAQ,05/18/2015,65.01,65.52,64.92,65.37,1815280
VIAB,Viacom Inc. @ NASDAQ,05/19/2015,65.28,65.47,64.76,65.19,2750800
VIAB,Viacom Inc. @ NASDAQ,05/20/2015,65.28,65.94,64.95,65.53,2788141
VIAB,Viacom Inc. @ NASDAQ,05/21/2015,65.55,66.62,65.29,66.51,2129650
VIAB,Viacom Inc. @ NASDAQ,05/22/2015,66.55,66.88,66.26,66.4,2271828
VIAB,Viacom Inc. @ NASDAQ,05/26/2015,66.25,66.56,65.19,65.55,2243538
VIAB,Viacom Inc. @ NASDAQ,05/27/2015,65.85,68.11,65.67,67.94,4755044
VIAB,Viacom Inc. @ NASDAQ,05/28/2015,67.58,67.91,66.61,66.94,2974352
VIAB,Viacom Inc. @ NASDAQ,05/29/2015,66.65,67,66.19,66.48,2997931
VIAB,Viacom Inc. @ NASDAQ,06/01/2015,66.95,67.16,66,66.31,2268900
VIAB,Viacom Inc. @ NASDAQ,06/02/2015,66.15,66.68,65.6,65.7,2981800
VIAB,Viacom Inc. @ NASDAQ,06/03/2015,66.2,68.04,65.88,67.8,4930661
VIAB,Viacom Inc. @ NASDAQ,06/04/2015,67.37,68.76,67.33,67.65,4662452
VIAB,Viacom Inc. @ NASDAQ,06/05/2015,67.77,68.22,67.25,67.65,2705994
VIAB,Viacom Inc. @ NASDAQ,06/08/2015,67.29,67.47,66.5,66.72,2829344
VIAB,Viacom Inc. @ NASDAQ,06/09/2015,66.65,67.17,65.81,66.34,2987909
VIAB,Viacom Inc. @ NASDAQ,06/10/2015,66.63,67.43,66.46,66.75,2597162
VIAB,Viacom Inc. @ NASDAQ,06/11/2015,67.12,67.52,66.81,67.43,2905688
VIAB,Viacom Inc. @ NASDAQ,06/12/2015,67.07,67.17,66.18,66.4,3446522
